-- MySQL dump 10.13  Distrib 8.0.33, for macos13.3 (arm64)
--
-- Host: localhost    Database: IT_Blog
-- ------------------------------------------------------
-- Server version	8.0.33
/*!40101 SET @OLD_CHARACTER_SET_CLIENT=@@CHARACTER_SET_CLIENT */;

/*!40101 SET @OLD_CHARACTER_SET_RESULTS=@@CHARACTER_SET_RESULTS */;

/*!40101 SET @OLD_COLLATION_CONNECTION=@@COLLATION_CONNECTION */;

/*!50503 SET NAMES utf8mb4 */;

/*!40103 SET @OLD_TIME_ZONE=@@TIME_ZONE */;

/*!40103 SET TIME_ZONE='+00:00' */;

/*!40014 SET @OLD_UNIQUE_CHECKS=@@UNIQUE_CHECKS, UNIQUE_CHECKS=0 */;

/*!40014 SET @OLD_FOREIGN_KEY_CHECKS=@@FOREIGN_KEY_CHECKS, FOREIGN_KEY_CHECKS=0 */;

/*!40101 SET @OLD_SQL_MODE=@@SQL_MODE, SQL_MODE='NO_AUTO_VALUE_ON_ZERO' */;

/*!40111 SET @OLD_SQL_NOTES=@@SQL_NOTES, SQL_NOTES=0 */;

--
-- Table structure for table `auth_group`
--
DROP TABLE IF EXISTS `auth_group`;

/*!40101 SET @saved_cs_client     = @@character_set_client */;

/*!50503 SET character_set_client = utf8mb4 */;

CREATE TABLE
  `auth_group` (
    `id` int NOT NULL AUTO_INCREMENT,
    `name` varchar(150) NOT NULL,
    PRIMARY KEY (`id`),
    UNIQUE KEY `name` (`name`)
  ) ENGINE = InnoDB DEFAULT CHARSET = utf8mb4 COLLATE = utf8mb4_0900_ai_ci;

/*!40101 SET character_set_client = @saved_cs_client */;

--
-- Dumping data for table `auth_group`
--
LOCK TABLES `auth_group` WRITE;

/*!40000 ALTER TABLE `auth_group` DISABLE KEYS */;

/*!40000 ALTER TABLE `auth_group` ENABLE KEYS */;

UNLOCK TABLES;

--
-- Table structure for table `auth_group_permissions`
--
DROP TABLE IF EXISTS `auth_group_permissions`;

/*!40101 SET @saved_cs_client     = @@character_set_client */;

/*!50503 SET character_set_client = utf8mb4 */;

CREATE TABLE
  `auth_group_permissions` (
    `id` bigint NOT NULL AUTO_INCREMENT,
    `group_id` int NOT NULL,
    `permission_id` int NOT NULL,
    PRIMARY KEY (`id`),
    UNIQUE KEY `auth_group_permissions_group_id_permission_id_0cd325b0_uniq` (`group_id`, `permission_id`),
    KEY `auth_group_permissio_permission_id_84c5c92e_fk_auth_perm` (`permission_id`),
    CONSTRAINT `auth_group_permissio_permission_id_84c5c92e_fk_auth_perm` FOREIGN KEY (`permission_id`) REFERENCES `auth_permission` (`id`),
    CONSTRAINT `auth_group_permissions_group_id_b120cbf9_fk_auth_group_id` FOREIGN KEY (`group_id`) REFERENCES `auth_group` (`id`)
  ) ENGINE = InnoDB DEFAULT CHARSET = utf8mb4 COLLATE = utf8mb4_0900_ai_ci;

/*!40101 SET character_set_client = @saved_cs_client */;

--
-- Dumping data for table `auth_group_permissions`
--
LOCK TABLES `auth_group_permissions` WRITE;

/*!40000 ALTER TABLE `auth_group_permissions` DISABLE KEYS */;

/*!40000 ALTER TABLE `auth_group_permissions` ENABLE KEYS */;

UNLOCK TABLES;

--
-- Table structure for table `auth_permission`
--
DROP TABLE IF EXISTS `auth_permission`;

/*!40101 SET @saved_cs_client     = @@character_set_client */;

/*!50503 SET character_set_client = utf8mb4 */;

CREATE TABLE
  `auth_permission` (
    `id` int NOT NULL AUTO_INCREMENT,
    `name` varchar(255) NOT NULL,
    `content_type_id` int NOT NULL,
    `codename` varchar(100) NOT NULL,
    PRIMARY KEY (`id`),
    UNIQUE KEY `auth_permission_content_type_id_codename_01ab375a_uniq` (`content_type_id`, `codename`),
    CONSTRAINT `auth_permission_content_type_id_2f476e4b_fk_django_co` FOREIGN KEY (`content_type_id`) REFERENCES `django_content_type` (`id`)
  ) ENGINE = InnoDB AUTO_INCREMENT = 53 DEFAULT CHARSET = utf8mb4 COLLATE = utf8mb4_0900_ai_ci;

/*!40101 SET character_set_client = @saved_cs_client */;

--
-- Dumping data for table `auth_permission`
--
LOCK TABLES `auth_permission` WRITE;

/*!40000 ALTER TABLE `auth_permission` DISABLE KEYS */;

INSERT INTO
  `auth_permission`
VALUES
  (1, 'Can add log entry', 1, 'add_logentry'),
  (2, 'Can change log entry', 1, 'change_logentry'),
  (3, 'Can delete log entry', 1, 'delete_logentry'),
  (4, 'Can view log entry', 1, 'view_logentry'),
  (5, 'Can add permission', 2, 'add_permission'),
  (
    6,
    'Can change permission',
    2,
    'change_permission'
  ),
  (
    7,
    'Can delete permission',
    2,
    'delete_permission'
  ),
  (8, 'Can view permission', 2, 'view_permission'),
  (9, 'Can add group', 3, 'add_group'),
  (10, 'Can change group', 3, 'change_group'),
  (11, 'Can delete group', 3, 'delete_group'),
  (12, 'Can view group', 3, 'view_group'),
  (13, 'Can add content type', 4, 'add_contenttype'),
  (
    14,
    'Can change content type',
    4,
    'change_contenttype'
  ),
  (
    15,
    'Can delete content type',
    4,
    'delete_contenttype'
  ),
  (
    16,
    'Can view content type',
    4,
    'view_contenttype'
  ),
  (17, 'Can add session', 5, 'add_session'),
  (18, 'Can change session', 5, 'change_session'),
  (19, 'Can delete session', 5, 'delete_session'),
  (20, 'Can view session', 5, 'view_session'),
  (21, 'Can add User', 6, 'add_user'),
  (22, 'Can change User', 6, 'change_user'),
  (23, 'Can delete User', 6, 'delete_user'),
  (24, 'Can view User', 6, 'view_user'),
  (25, 'Can add Post', 7, 'add_post'),
  (26, 'Can change Post', 7, 'change_post'),
  (27, 'Can delete Post', 7, 'delete_post'),
  (28, 'Can view Post', 7, 'view_post'),
  (29, 'Can add tag', 8, 'add_tag'),
  (30, 'Can change tag', 8, 'change_tag'),
  (31, 'Can delete tag', 8, 'delete_tag'),
  (32, 'Can view tag', 8, 'view_tag'),
  (33, 'Can add tagged item', 9, 'add_taggeditem'),
  (
    34,
    'Can change tagged item',
    9,
    'change_taggeditem'
  ),
  (
    35,
    'Can delete tagged item',
    9,
    'delete_taggeditem'
  ),
  (36, 'Can view tagged item', 9, 'view_taggeditem'),
  (
    37,
    'Can add Post_Comment',
    10,
    'add_post_comment'
  ),
  (
    38,
    'Can change Post_Comment',
    10,
    'change_post_comment'
  ),
  (
    39,
    'Can delete Post_Comment',
    10,
    'delete_post_comment'
  ),
  (
    40,
    'Can view Post_Comment',
    10,
    'view_post_comment'
  ),
  (
    41,
    'Can add blacklisted token',
    11,
    'add_blacklistedtoken'
  ),
  (
    42,
    'Can change blacklisted token',
    11,
    'change_blacklistedtoken'
  ),
  (
    43,
    'Can delete blacklisted token',
    11,
    'delete_blacklistedtoken'
  ),
  (
    44,
    'Can view blacklisted token',
    11,
    'view_blacklistedtoken'
  ),
  (
    45,
    'Can add outstanding token',
    12,
    'add_outstandingtoken'
  ),
  (
    46,
    'Can change outstanding token',
    12,
    'change_outstandingtoken'
  ),
  (
    47,
    'Can delete outstanding token',
    12,
    'delete_outstandingtoken'
  ),
  (
    48,
    'Can view outstanding token',
    12,
    'view_outstandingtoken'
  ),
  (
    49,
    'Can add Post_Comment',
    13,
    'add_post_comments'
  ),
  (
    50,
    'Can change Post_Comment',
    13,
    'change_post_comments'
  ),
  (
    51,
    'Can delete Post_Comment',
    13,
    'delete_post_comments'
  ),
  (
    52,
    'Can view Post_Comment',
    13,
    'view_post_comments'
  );

/*!40000 ALTER TABLE `auth_permission` ENABLE KEYS */;

UNLOCK TABLES;

--
-- Table structure for table `Blog__main_post`
--
DROP TABLE IF EXISTS `Blog__main_post`;

/*!40101 SET @saved_cs_client     = @@character_set_client */;

/*!50503 SET character_set_client = utf8mb4 */;

CREATE TABLE
  `Blog__main_post` (
    `id` bigint NOT NULL AUTO_INCREMENT,
    `h1` varchar(100) NOT NULL,
    `title` varchar(200) NOT NULL,
    `url` varchar(50) NOT NULL,
    `description` longtext NOT NULL,
    `content` longtext NOT NULL,
    `image` varchar(100) DEFAULT NULL,
    `created_at` date NOT NULL,
    `author_id` bigint NOT NULL,
    PRIMARY KEY (`id`),
    KEY `Blog__main_post_author_id_ee0b3476_fk_Blog__main_user_id` (`author_id`),
    KEY `Blog__main_post_url_f490c0e6` (`url`),
    CONSTRAINT `Blog__main_post_author_id_ee0b3476_fk_Blog__main_user_id` FOREIGN KEY (`author_id`) REFERENCES `Blog__main_user` (`id`)
  ) ENGINE = InnoDB AUTO_INCREMENT = 18 DEFAULT CHARSET = utf8mb4 COLLATE = utf8mb4_0900_ai_ci;

/*!40101 SET character_set_client = @saved_cs_client */;

--
-- Dumping data for table `Blog__main_post`
--
LOCK TABLES `Blog__main_post` WRITE;

/*!40000 ALTER TABLE `Blog__main_post` DISABLE KEYS */;

INSERT INTO
  `Blog__main_post`
VALUES
  (
    5,
    'Python',
    'About Python',
    'about-python',
    '<p>A few words about Python.</p>',
    '<p style=\"text-align: justify;\">A high-level general-purpose programming language with dynamic strict typing and automatic memory management, aimed at improving developer productivity, code readability and quality, as well as ensuring the portability of programs written in it.</p>\r\n\r\n<p style=\"text-align: justify;\">The language is completely object-oriented in the sense that everything is objects.</p>\r\n\r\n<p style=\"text-align: justify;\">An unusual feature of the language is the indentation of code blocks.</p>\r\n\r\n<p style=\"text-align: justify;\">The syntax of the language core is minimalistic, due to which in practice there is rarely a need to refer to documentation.</p>',
    'IMG/Python_logo.png',
    '2024-01-05',
    1
  ),
  (
    6,
    'Webpack',
    'About Webpack',
    'about-webpack',
    '<p>A few words about Webpack.</p>',
    '<p style=\"text-align: justify;\">At its core,&nbsp;<strong>webpack</strong>&nbsp;is a&nbsp;<em>static module bundler</em>&nbsp;for modern JavaScript applications. When webpack processes your application, it internally builds a dependency graph from one or more&nbsp;<em>entry points</em>&nbsp;and then combines every module your project needs into one or more&nbsp;<em>bundles</em>, which are static assets to serve your content from.</p>\r\n\r\n<p style=\"text-align: justify;\">Its main purpose is to bundle JavaScript files for usage in a browser, yet it is also capable of transforming, bundling, or packaging just about any resource or asset.</p>',
    'IMG/Webpack_logo.png',
    '2024-01-05',
    1
  ),
  (
    7,
    'JavaScript',
    'About JavaScript',
    'about-javascript',
    '<p>A few words about JavaScript.</p>',
    '<p style=\"text-align: justify;\">JavaScript is a multi&mdash;paradigm programming language. Supports object-oriented, imperative, and functional styles.&nbsp;This is the third layer of the layer cake of standard web technologies: HTML, CSS and JS.</p>\r\n\r\n<p style=\"text-align: justify;\">JavaScript is a language that allows you to apply complex things on a web page &mdash; every time something more than just its static display occurs on a web page - displaying periodically updated content, or interactive maps, or animation of 2D/3D graphics, or scrolling videos in a player, etc. &mdash; you can be we are sure that most likely it was not without JavaScript.</p>\r\n\r\n<p style=\"text-align: justify;\">A release using ECMAScript (ECMA-262 standard) is used.</p>',
    'IMG/JavaScript_logo.png',
    '2024-01-05',
    1
  ),
  (
    8,
    'MySQL',
    'About MySQL',
    'about-mysql',
    '<p>A few words about MySQL.</p>',
    '<p style=\"text-align: justify;\">A free relational database management system.</p>\r\n\r\n<p style=\"text-align: justify;\">MySQL is developed and supported by Oracle Corporation, which acquired the Swedish company MySQL AB.</p>\r\n\r\n<p style=\"text-align: justify;\">The product is distributed both under the GNU General Public License and under its own commercial license.</p>\r\n\r\n<p style=\"text-align: justify;\">MySQL is a solution for small and medium-sized applications. It is usually used as a server accessed by local or remote clients. However, the distribution package includes an internal server library that allows you to include MySQL in standalone programs.</p>',
    'IMG/MySQL_logo.png',
    '2024-01-05',
    1
  ),
  (
    9,
    'Bootstrap5',
    'About Bootstrap5',
    'about-bootstrap5',
    '<p>A few words about Bootstrap5.</p>',
    '<p style=\"text-align: justify;\">A free set of tools for creating websites and web applications.</p>\r\n\r\n<p style=\"text-align: justify;\">It includes HTML and CSS design templates for typography, web forms, buttons, labels, navigation blocks and other web interface components, including JavaScript extensions.</p>\r\n\r\n<p style=\"text-align: justify;\">Bootstrap uses modern developments in CSS and HTML, so you need to be careful when supporting older browsers.</p>',
    'IMG/Bootstrap_logo.png',
    '2024-01-05',
    1
  ),
  (
    10,
    'NuxtJS',
    'About NuxtJS',
    'about-nuxtjs',
    '<p>A few words about NuxtJS.</p>',
    '<p style=\"text-align: justify;\">A high-level framework based on Vue.js, which allows you to develop isomorphic web applications out of the box, abstracting the details of the distribution of server and client code.</p>\r\n\r\n<p style=\"text-align: justify;\">NuxtJS is one of the fastest growing frameworks for developing VueJS applications. The ability to choose what type of application you can create with it (universal, static generation or single page applications) is one of its unique features.</p>\r\n\r\n<p style=\"text-align: justify;\">Since its initial release, it has gathered a lot of attention from the JavaScript community. The VueJS community deeply backs this tool that helps developers build server-side rendered applications using VueJS without in-depth technical know-how.</p>',
    'IMG/NuxtJS_logo.png',
    '2024-01-05',
    1
  ),
  (
    12,
    'CSS',
    'About CSS',
    'about-css',
    '<p>A few words about CSS.</p>',
    '<p style=\"text-align: justify;\">Cascading Style Sheets (CSS) is a stylesheet language used to describe the presentation of a document written in HTML or XML. CSS describes how elements should be rendered on screen, on paper, in speech, or on other media.</p>\r\n\r\n<p style=\"text-align: justify;\">CSS is among the core languages of the open web and is standardized across Web browsers according to W3C specifications. Previously, the development of various parts of CSS specification was done synchronously, which allowed the versioning of the latest recommendations. You might have heard about CSS1, CSS2.1, or even CSS3. There will never be a CSS3 or a CSS4; rather, everything is now CSS without a version number.</p>\r\n\r\n<p style=\"text-align: justify;\">After CSS 2.1, the scope of the specification increased significantly and the progress on different CSS modules started to differ so much, that it became more effective to develop and release recommendations separately per module. Instead of versioning the CSS specification, W3C now periodically takes a snapshot of the latest stable state of the CSS specification and individual modules progress.</p>',
    'IMG/CSS_logo.png',
    '2024-01-24',
    1
  ),
  (
    13,
    'HTML',
    'About HTML',
    'about-html',
    '<p>A few words about HTML.</p>',
    '<p style=\"text-align: justify;\">HTML (HyperText Markup Language) is a standardized hypertext markup language for documents for viewing web pages in a browser.</p>\r\n\r\n<p style=\"text-align: justify;\">Web browsers receive an HTML document from the server via HTTP/HTTPS protocols or open it from a local disk, then interpret the code into an interface that will be displayed on the monitor screen.</p>\r\n\r\n<p style=\"text-align: justify;\">For example, content can be structured within multiple paragraphs, bulleted lists, or using images and data tables.&nbsp;</p>\r\n\r\n<p style=\"text-align: justify;\">HTML is not a programming language; it is a markup language, and is used to tell your browser how to display the web pages you visit. It can be complex or simple, depending on how the web designer wants it. HTML consists of a number of elements that you use to embed or wrap various parts of the content to make the content appear or act in a certain way. Enclosing tags can make a word or image a link to something else, they can make words italicized, make the font larger or smaller, and so on.</p>',
    'IMG/HTML_logo.png',
    '2024-01-24',
    1
  ),
  (
    14,
    'Docker',
    'About Docker',
    'about-docker',
    '<p>A few words about Docker.</p>',
    '<p style=\"text-align: justify;\">Docker is software for automating the deployment and management of applications in environments with support for application containerization.</p>\r\n\r\n<p style=\"text-align: justify;\">It allows you to &quot;package&quot; an application with all its environment and dependencies into a container that can be deployed on any Linux system with support for control groups in the kernel, and also provides a set of commands for managing these containers.</p>\r\n\r\n<p style=\"text-align: justify;\">Containers do not create such an additional load, so you can use the system and resources more efficiently with them.</p>',
    'IMG/Docker_logo.png',
    '2024-01-24',
    1
  ),
  (
    15,
    'SASS',
    'About SASS',
    'about-sass',
    '<p>A few words about SASS.</p>',
    '<p style=\"text-align: justify;\">Sass (SCSS) is a CSS preprocessor that allows you to embed CSS rules into each other, work with variables, write your own functions and use mixins to create separate themes of the same layout.</p>\r\n\r\n<p style=\"text-align: justify;\">Sass is not dynamic. You will not be able to generate and/or animate CSS properties and values in real time. But you can create them in a more efficient way and allow standard properties (like CSS animations) to borrow them from there.</p>',
    'IMG/Sass_logo.png',
    '2024-01-24',
    1
  );

/*!40000 ALTER TABLE `Blog__main_post` ENABLE KEYS */;

UNLOCK TABLES;

--
-- Table structure for table `Blog__main_post_comments`
--
DROP TABLE IF EXISTS `Blog__main_post_comments`;

/*!40101 SET @saved_cs_client     = @@character_set_client */;

/*!50503 SET character_set_client = utf8mb4 */;

CREATE TABLE
  `Blog__main_post_comments` (
    `id` bigint NOT NULL AUTO_INCREMENT,
    `text` longtext NOT NULL,
    `created_at` datetime (6) NOT NULL,
    `post_id` bigint NOT NULL,
    `user_id` bigint NOT NULL,
    PRIMARY KEY (`id`),
    KEY `Blog__main_post_comments_post_id_8289f1fb_fk_Blog__main_post_id` (`post_id`),
    KEY `Blog__main_post_comments_user_id_387090dc_fk_Blog__main_user_id` (`user_id`),
    CONSTRAINT `Blog__main_post_comments_post_id_8289f1fb_fk_Blog__main_post_id` FOREIGN KEY (`post_id`) REFERENCES `Blog__main_post` (`id`),
    CONSTRAINT `Blog__main_post_comments_user_id_387090dc_fk_Blog__main_user_id` FOREIGN KEY (`user_id`) REFERENCES `Blog__main_user` (`id`)
  ) ENGINE = InnoDB AUTO_INCREMENT = 76 DEFAULT CHARSET = utf8mb4 COLLATE = utf8mb4_0900_ai_ci;

/*!40101 SET character_set_client = @saved_cs_client */;

--
-- Dumping data for table `Blog__main_post_comments`
--
LOCK TABLES `Blog__main_post_comments` WRITE;

/*!40000 ALTER TABLE `Blog__main_post_comments` DISABLE KEYS */;

INSERT INTO
  `Blog__main_post_comments`
VALUES
  (
    1,
    'First comment.',
    '2024-03-11 12:50:02.574496',
    12,
    1
  ),
  (
    2,
    'Second comment.',
    '2024-03-11 18:02:36.245563',
    12,
    1
  ),
  (
    4,
    'Third comment.',
    '2024-03-11 18:50:00.326767',
    12,
    1
  );

/*!40000 ALTER TABLE `Blog__main_post_comments` ENABLE KEYS */;

UNLOCK TABLES;

--
-- Table structure for table `Blog__main_user`
--
DROP TABLE IF EXISTS `Blog__main_user`;

/*!40101 SET @saved_cs_client     = @@character_set_client */;

/*!50503 SET character_set_client = utf8mb4 */;

CREATE TABLE
  `Blog__main_user` (
    `id` bigint NOT NULL AUTO_INCREMENT,
    `password` varchar(128) NOT NULL,
    `last_login` datetime (6) DEFAULT NULL,
    `is_superuser` tinyint (1) NOT NULL,
    `username` varchar(100) NOT NULL,
    `first_name` varchar(100) NOT NULL,
    `last_name` varchar(100) NOT NULL,
    `email` varchar(254) NOT NULL,
    `is_staff` tinyint (1) NOT NULL,
    `is_active` tinyint (1) NOT NULL,
    `date_joined` datetime (6) NOT NULL,
    `phone` varchar(15) DEFAULT NULL,
    PRIMARY KEY (`id`),
    UNIQUE KEY `username` (`username`),
    UNIQUE KEY `Blog__main_user_email_970ddf53_uniq` (`email`),
    UNIQUE KEY `phone` (`phone`)
  ) ENGINE = InnoDB AUTO_INCREMENT = 51 DEFAULT CHARSET = utf8mb4 COLLATE = utf8mb4_0900_ai_ci;

/*!40101 SET character_set_client = @saved_cs_client */;

--
-- Dumping data for table `Blog__main_user`
--
LOCK TABLES `Blog__main_user` WRITE;

/*!40000 ALTER TABLE `Blog__main_user` DISABLE KEYS */;

INSERT INTO
  `Blog__main_user`
VALUES
  (
    1,
    'pbkdf2_sha256$720000$ySAhlYtpuu3hCxshRAyb2t$IVBUUkMMqFkCVJ8UL+MQ5HOlsmbdqw/DDEerpulbkrw=',
    '2024-03-18 16:11:47.410080',
    1,
    'admin',
    '',
    '',
    '',
    1,
    1,
    '2023-12-28 14:04:07.573111',
    NULL
  );

/*!40000 ALTER TABLE `Blog__main_user` ENABLE KEYS */;

UNLOCK TABLES;

--
-- Table structure for table `Blog__main_user_groups`
--
DROP TABLE IF EXISTS `Blog__main_user_groups`;

/*!40101 SET @saved_cs_client     = @@character_set_client */;

/*!50503 SET character_set_client = utf8mb4 */;

CREATE TABLE
  `Blog__main_user_groups` (
    `id` bigint NOT NULL AUTO_INCREMENT,
    `user_id` bigint NOT NULL,
    `group_id` int NOT NULL,
    PRIMARY KEY (`id`),
    UNIQUE KEY `Blog__main_user_groups_user_id_group_id_743d6e6c_uniq` (`user_id`, `group_id`),
    KEY `Blog__main_user_groups_group_id_a0fabca8_fk_auth_group_id` (`group_id`),
    CONSTRAINT `Blog__main_user_groups_group_id_a0fabca8_fk_auth_group_id` FOREIGN KEY (`group_id`) REFERENCES `auth_group` (`id`),
    CONSTRAINT `Blog__main_user_groups_user_id_96a331ad_fk_Blog__main_user_id` FOREIGN KEY (`user_id`) REFERENCES `Blog__main_user` (`id`)
  ) ENGINE = InnoDB DEFAULT CHARSET = utf8mb4 COLLATE = utf8mb4_0900_ai_ci;

/*!40101 SET character_set_client = @saved_cs_client */;

--
-- Dumping data for table `Blog__main_user_groups`
--
LOCK TABLES `Blog__main_user_groups` WRITE;

/*!40000 ALTER TABLE `Blog__main_user_groups` DISABLE KEYS */;

/*!40000 ALTER TABLE `Blog__main_user_groups` ENABLE KEYS */;

UNLOCK TABLES;

--
-- Table structure for table `Blog__main_user_user_permissions`
--
DROP TABLE IF EXISTS `Blog__main_user_user_permissions`;

/*!40101 SET @saved_cs_client     = @@character_set_client */;

/*!50503 SET character_set_client = utf8mb4 */;

CREATE TABLE
  `Blog__main_user_user_permissions` (
    `id` bigint NOT NULL AUTO_INCREMENT,
    `user_id` bigint NOT NULL,
    `permission_id` int NOT NULL,
    PRIMARY KEY (`id`),
    UNIQUE KEY `Blog__main_user_user_per_user_id_permission_id_05071a4a_uniq` (`user_id`, `permission_id`),
    KEY `Blog__main_user_user_permission_id_0c13f857_fk_auth_perm` (`permission_id`),
    CONSTRAINT `Blog__main_user_user_permission_id_0c13f857_fk_auth_perm` FOREIGN KEY (`permission_id`) REFERENCES `auth_permission` (`id`),
    CONSTRAINT `Blog__main_user_user_user_id_58d93831_fk_Blog__mai` FOREIGN KEY (`user_id`) REFERENCES `Blog__main_user` (`id`)
  ) ENGINE = InnoDB DEFAULT CHARSET = utf8mb4 COLLATE = utf8mb4_0900_ai_ci;

/*!40101 SET character_set_client = @saved_cs_client */;

--
-- Dumping data for table `Blog__main_user_user_permissions`
--
LOCK TABLES `Blog__main_user_user_permissions` WRITE;

/*!40000 ALTER TABLE `Blog__main_user_user_permissions` DISABLE KEYS */;

/*!40000 ALTER TABLE `Blog__main_user_user_permissions` ENABLE KEYS */;

UNLOCK TABLES;

--
-- Table structure for table `django_admin_log`
--
DROP TABLE IF EXISTS `django_admin_log`;

/*!40101 SET @saved_cs_client     = @@character_set_client */;

/*!50503 SET character_set_client = utf8mb4 */;

CREATE TABLE
  `django_admin_log` (
    `id` int NOT NULL AUTO_INCREMENT,
    `action_time` datetime (6) NOT NULL,
    `object_id` longtext,
    `object_repr` varchar(200) NOT NULL,
    `action_flag` smallint unsigned NOT NULL,
    `change_message` longtext NOT NULL,
    `content_type_id` int DEFAULT NULL,
    `user_id` bigint NOT NULL,
    PRIMARY KEY (`id`),
    KEY `django_admin_log_content_type_id_c4bce8eb_fk_django_co` (`content_type_id`),
    KEY `django_admin_log_user_id_c564eba6_fk_Blog__main_user_id` (`user_id`),
    CONSTRAINT `django_admin_log_content_type_id_c4bce8eb_fk_django_co` FOREIGN KEY (`content_type_id`) REFERENCES `django_content_type` (`id`),
    CONSTRAINT `django_admin_log_user_id_c564eba6_fk_Blog__main_user_id` FOREIGN KEY (`user_id`) REFERENCES `Blog__main_user` (`id`),
    CONSTRAINT `django_admin_log_chk_1` CHECK ((`action_flag` >= 0))
  ) ENGINE = InnoDB AUTO_INCREMENT = 345 DEFAULT CHARSET = utf8mb4 COLLATE = utf8mb4_0900_ai_ci;

/*!40101 SET character_set_client = @saved_cs_client */;

--
-- Dumping data for table `django_admin_log`
--
LOCK TABLES `django_admin_log` WRITE;

/*!40000 ALTER TABLE `django_admin_log` DISABLE KEYS */;

INSERT INTO
  `django_admin_log`
VALUES
  (
    1,
    '2023-12-28 21:00:48.634013',
    '1',
    'LoremPost',
    1,
    '[{\"added\": {}}]',
    7,
    1
  ),
  (
    2,
    '2023-12-28 21:05:21.113107',
    '2',
    'testLorem2',
    1,
    '[{\"added\": {}}]',
    7,
    1
  ),
  (
    3,
    '2023-12-28 21:06:02.364132',
    '2',
    'LoremPost2',
    2,
    '[{\"changed\": {\"fields\": [\"Title\"]}}]',
    7,
    1
  ),
  (
    4,
    '2023-12-28 21:06:31.138373',
    '2',
    'LoremPost2',
    2,
    '[{\"changed\": {\"fields\": [\"URL\"]}}]',
    7,
    1
  ),
  (
    5,
    '2023-12-29 15:36:16.705399',
    '2',
    'LoremPost2',
    2,
    '[{\"changed\": {\"fields\": [\"Image\"]}}]',
    7,
    1
  ),
  (
    6,
    '2023-12-29 16:09:37.068134',
    '3',
    'LoremPost3',
    1,
    '[{\"added\": {}}]',
    7,
    1
  ),
  (
    7,
    '2023-12-29 16:10:24.455590',
    '4',
    'LoremPost4',
    1,
    '[{\"added\": {}}]',
    7,
    1
  ),
  (
    8,
    '2023-12-29 16:11:46.608559',
    '3',
    'LoremPost3',
    2,
    '[{\"changed\": {\"fields\": [\"Description\"]}}]',
    7,
    1
  ),
  (
    9,
    '2023-12-29 16:12:02.784448',
    '4',
    'LoremPost4',
    2,
    '[{\"changed\": {\"fields\": [\"Description\"]}}]',
    7,
    1
  ),
  (
    10,
    '2023-12-29 16:12:22.343807',
    '2',
    'LoremPost2',
    2,
    '[{\"changed\": {\"fields\": [\"Image\"]}}]',
    7,
    1
  ),
  (
    11,
    '2023-12-30 21:16:21.310669',
    '2',
    'Mary, ID: (2)',
    3,
    '',
    6,
    1
  ),
  (
    12,
    '2023-12-30 21:56:44.024738',
    '3',
    'Mary, ID: (3)',
    3,
    '',
    6,
    1
  ),
  (
    13,
    '2024-01-02 22:29:05.238584',
    '1',
    'LoremPost',
    2,
    '[{\"changed\": {\"fields\": [\"Tags\"]}}]',
    7,
    1
  ),
  (
    14,
    '2024-01-02 22:37:18.249093',
    '2',
    'LoremPost2',
    2,
    '[{\"changed\": {\"fields\": [\"Tags\"]}}]',
    7,
    1
  ),
  (
    15,
    '2024-01-02 22:37:35.347777',
    '3',
    'LoremPost3',
    2,
    '[{\"changed\": {\"fields\": [\"Tags\"]}}]',
    7,
    1
  ),
  (
    16,
    '2024-01-02 22:37:47.796200',
    '4',
    'LoremPost4',
    2,
    '[{\"changed\": {\"fields\": [\"Tags\"]}}]',
    7,
    1
  ),
  (
    17,
    '2024-01-04 16:37:56.928902',
    '11',
    'Hello3...',
    3,
    '',
    10,
    1
  ),
  (
    18,
    '2024-01-04 16:37:56.931857',
    '10',
    'Hello3...',
    3,
    '',
    10,
    1
  ),
  (
    19,
    '2024-01-04 16:37:56.933603',
    '9',
    'Hello3...',
    3,
    '',
    10,
    1
  ),
  (
    20,
    '2024-01-04 16:37:56.935220',
    '8',
    'Hello3...',
    3,
    '',
    10,
    1
  ),
  (
    21,
    '2024-01-04 16:37:56.937126',
    '7',
    'Hello3...',
    3,
    '',
    10,
    1
  ),
  (
    22,
    '2024-01-04 16:37:56.938976',
    '6',
    'Hello...',
    3,
    '',
    10,
    1
  ),
  (
    23,
    '2024-01-04 16:37:56.941007',
    '5',
    'Hello...',
    3,
    '',
    10,
    1
  ),
  (
    24,
    '2024-01-04 16:37:56.942650',
    '4',
    'Hello...',
    3,
    '',
    10,
    1
  ),
  (
    25,
    '2024-01-04 16:37:56.943495',
    '3',
    'Hello...',
    3,
    '',
    10,
    1
  ),
  (
    26,
    '2024-01-04 16:37:56.944146',
    '2',
    'Hello...',
    3,
    '',
    10,
    1
  ),
  (
    27,
    '2024-01-04 16:37:56.944716',
    '1',
    'gc...',
    3,
    '',
    10,
    1
  ),
  (
    28,
    '2024-01-04 16:41:40.998678',
    '15',
    'hgfknfd...',
    3,
    '',
    10,
    1
  ),
  (
    29,
    '2024-01-04 16:41:41.001837',
    '14',
    'hgfknfd...',
    3,
    '',
    10,
    1
  ),
  (
    30,
    '2024-01-04 16:41:41.003888',
    '13',
    'Hello3...',
    3,
    '',
    10,
    1
  ),
  (
    31,
    '2024-01-04 16:41:41.005201',
    '12',
    'Hello3...',
    3,
    '',
    10,
    1
  ),
  (
    32,
    '2024-01-04 16:56:36.615028',
    '40',
    'First comment...',
    3,
    '',
    10,
    1
  ),
  (
    33,
    '2024-01-04 16:56:36.617317',
    '39',
    'First comment...',
    3,
    '',
    10,
    1
  ),
  (
    34,
    '2024-01-04 16:56:36.618669',
    '38',
    'First comment...',
    3,
    '',
    10,
    1
  ),
  (
    35,
    '2024-01-04 16:56:36.619908',
    '37',
    'First comment...',
    3,
    '',
    10,
    1
  ),
  (
    36,
    '2024-01-04 16:56:36.621042',
    '36',
    'First comment...',
    3,
    '',
    10,
    1
  ),
  (
    37,
    '2024-01-04 16:56:36.622558',
    '35',
    'First comment...',
    3,
    '',
    10,
    1
  ),
  (
    38,
    '2024-01-04 16:56:36.623724',
    '34',
    'First comment...',
    3,
    '',
    10,
    1
  ),
  (
    39,
    '2024-01-04 16:56:36.624705',
    '33',
    'First comment...',
    3,
    '',
    10,
    1
  ),
  (
    40,
    '2024-01-04 16:56:36.625817',
    '32',
    'First comment...',
    3,
    '',
    10,
    1
  ),
  (
    41,
    '2024-01-04 16:56:36.627139',
    '31',
    'First comment...',
    3,
    '',
    10,
    1
  ),
  (
    42,
    '2024-01-04 16:56:36.628607',
    '30',
    'First comment...',
    3,
    '',
    10,
    1
  ),
  (
    43,
    '2024-01-04 16:56:36.630359',
    '29',
    'First comment...',
    3,
    '',
    10,
    1
  ),
  (
    44,
    '2024-01-04 16:56:36.631919',
    '28',
    'First comment...',
    3,
    '',
    10,
    1
  ),
  (
    45,
    '2024-01-04 16:56:36.633915',
    '27',
    'First comment...',
    3,
    '',
    10,
    1
  ),
  (
    46,
    '2024-01-04 16:56:36.634934',
    '26',
    'First comment...',
    3,
    '',
    10,
    1
  ),
  (
    47,
    '2024-01-04 16:56:36.635815',
    '25',
    'First comment...',
    3,
    '',
    10,
    1
  ),
  (
    48,
    '2024-01-04 16:56:36.637326',
    '24',
    'First comment...',
    3,
    '',
    10,
    1
  ),
  (
    49,
    '2024-01-04 16:56:36.638568',
    '23',
    'First comment...',
    3,
    '',
    10,
    1
  ),
  (
    50,
    '2024-01-04 16:56:36.639524',
    '22',
    'First comment...',
    3,
    '',
    10,
    1
  ),
  (
    51,
    '2024-01-04 16:56:36.641097',
    '21',
    'First comment...',
    3,
    '',
    10,
    1
  ),
  (
    52,
    '2024-01-04 16:56:36.642166',
    '20',
    'First comment...',
    3,
    '',
    10,
    1
  ),
  (
    53,
    '2024-01-04 16:56:36.643461',
    '19',
    'First comment...',
    3,
    '',
    10,
    1
  ),
  (
    54,
    '2024-01-04 16:56:36.644586',
    '18',
    'First comment...',
    3,
    '',
    10,
    1
  ),
  (
    55,
    '2024-01-04 16:56:36.645512',
    '17',
    'First comment...',
    3,
    '',
    10,
    1
  ),
  (
    56,
    '2024-01-04 16:56:36.646686',
    '16',
    'First comment...',
    3,
    '',
    10,
    1
  ),
  (
    57,
    '2024-01-04 17:08:58.543164',
    '57',
    'fsjbdfhjdsc...',
    3,
    '',
    10,
    1
  ),
  (
    58,
    '2024-01-04 17:08:58.545841',
    '56',
    'fsjbdfhjdsc...',
    3,
    '',
    10,
    1
  ),
  (
    59,
    '2024-01-04 17:08:58.547206',
    '55',
    'fsjbdfhjdsc...',
    3,
    '',
    10,
    1
  ),
  (
    60,
    '2024-01-04 17:08:58.548214',
    '54',
    'fsjbdfhjdsc...',
    3,
    '',
    10,
    1
  ),
  (
    61,
    '2024-01-04 17:08:58.549186',
    '53',
    'ggg...',
    3,
    '',
    10,
    1
  ),
  (
    62,
    '2024-01-04 17:08:58.550080',
    '52',
    'ggg...',
    3,
    '',
    10,
    1
  ),
  (
    63,
    '2024-01-04 17:08:58.550765',
    '51',
    'ggg...',
    3,
    '',
    10,
    1
  ),
  (
    64,
    '2024-01-04 17:08:58.551507',
    '50',
    'ggg...',
    3,
    '',
    10,
    1
  ),
  (
    65,
    '2024-01-04 17:08:58.552448',
    '49',
    'ggg...',
    3,
    '',
    10,
    1
  ),
  (
    66,
    '2024-01-04 17:08:58.553503',
    '48',
    'hghghff...',
    3,
    '',
    10,
    1
  ),
  (
    67,
    '2024-01-04 17:08:58.554601',
    '47',
    'hghghff...',
    3,
    '',
    10,
    1
  ),
  (
    68,
    '2024-01-04 17:08:58.555642',
    '46',
    'hghghff...',
    3,
    '',
    10,
    1
  ),
  (
    69,
    '2024-01-04 17:08:58.556693',
    '45',
    'hghgh...',
    3,
    '',
    10,
    1
  ),
  (
    70,
    '2024-01-04 17:08:58.558856',
    '44',
    'hghgh...',
    3,
    '',
    10,
    1
  ),
  (
    71,
    '2024-01-04 17:08:58.561532',
    '43',
    'hghgh...',
    3,
    '',
    10,
    1
  ),
  (
    72,
    '2024-01-04 17:08:58.562462',
    '42',
    'First comment here...',
    3,
    '',
    10,
    1
  ),
  (
    73,
    '2024-01-04 17:08:58.563146',
    '41',
    'First comment here...',
    3,
    '',
    10,
    1
  ),
  (
    74,
    '2024-01-04 17:21:03.798374',
    '64',
    '22222...',
    3,
    '',
    10,
    1
  ),
  (
    75,
    '2024-01-04 17:21:03.800764',
    '63',
    '22222...',
    3,
    '',
    10,
    1
  ),
  (
    76,
    '2024-01-04 17:21:03.802694',
    '62',
    '22222...',
    3,
    '',
    10,
    1
  ),
  (
    77,
    '2024-01-04 17:21:03.804568',
    '61',
    '22222...',
    3,
    '',
    10,
    1
  ),
  (
    78,
    '2024-01-04 17:21:03.809517',
    '60',
    '22222...',
    3,
    '',
    10,
    1
  ),
  (
    79,
    '2024-01-04 17:21:03.811460',
    '59',
    'fsjbdfhjdsc...',
    3,
    '',
    10,
    1
  ),
  (
    80,
    '2024-01-04 17:21:03.813092',
    '58',
    'fsjbdfhjdsc...',
    3,
    '',
    10,
    1
  ),
  (
    81,
    '2024-01-04 19:56:45.186439',
    '71',
    'sjcsjdc scdl;smcdls...',
    3,
    '',
    10,
    1
  ),
  (
    82,
    '2024-01-04 19:56:45.189784',
    '70',
    'sjcsjdc scdl;smcdls...',
    3,
    '',
    10,
    1
  ),
  (
    83,
    '2024-01-04 19:56:45.190885',
    '69',
    'sjcsjdc scdl;smcdls...',
    3,
    '',
    10,
    1
  ),
  (
    84,
    '2024-01-04 19:56:45.192054',
    '68',
    'hukil...',
    3,
    '',
    10,
    1
  ),
  (
    85,
    '2024-01-04 19:56:45.193235',
    '67',
    '7777...',
    3,
    '',
    10,
    1
  ),
  (
    86,
    '2024-01-04 19:56:45.194292',
    '66',
    '7777...',
    3,
    '',
    10,
    1
  ),
  (
    87,
    '2024-01-04 19:56:45.195636',
    '65',
    '22222...',
    3,
    '',
    10,
    1
  ),
  (
    88,
    '2024-01-05 10:11:14.054608',
    '4',
    'Mary, ID: (4)',
    3,
    '',
    6,
    1
  ),
  (
    89,
    '2024-01-05 10:11:57.471197',
    '4',
    'Mary, ID: (4)',
    3,
    '',
    6,
    1
  ),
  (
    90,
    '2024-01-05 10:17:11.158934',
    '5',
    'Mary, ID: (5)',
    3,
    '',
    6,
    1
  ),
  (
    91,
    '2024-01-05 10:19:05.164724',
    '6',
    'Mary, ID: (6)',
    3,
    '',
    6,
    1
  ),
  (
    92,
    '2024-01-05 10:30:48.337894',
    '72',
    'First comment here.....',
    3,
    '',
    10,
    1
  ),
  (
    93,
    '2024-01-05 10:34:32.182886',
    '4',
    'LoremPost4',
    3,
    '',
    7,
    1
  ),
  (
    94,
    '2024-01-05 10:34:32.186626',
    '3',
    'LoremPost3',
    3,
    '',
    7,
    1
  ),
  (
    95,
    '2024-01-05 10:34:32.188037',
    '2',
    'LoremPost2',
    3,
    '',
    7,
    1
  ),
  (
    96,
    '2024-01-05 10:34:32.189428',
    '1',
    'LoremPost',
    3,
    '',
    7,
    1
  ),
  (
    97,
    '2024-01-05 11:12:03.827819',
    '5',
    'About Python',
    1,
    '[{\"added\": {}}]',
    7,
    1
  ),
  (
    98,
    '2024-01-05 11:34:30.509102',
    '6',
    'About Webpack',
    1,
    '[{\"added\": {}}]',
    7,
    1
  ),
  (
    99,
    '2024-01-05 11:36:06.338349',
    '7',
    'About JavaScript',
    1,
    '[{\"added\": {}}]',
    7,
    1
  ),
  (
    100,
    '2024-01-05 11:37:30.181040',
    '8',
    'About MySQL',
    1,
    '[{\"added\": {}}]',
    7,
    1
  ),
  (
    101,
    '2024-01-05 11:40:01.166284',
    '9',
    'About Bootstrap5',
    1,
    '[{\"added\": {}}]',
    7,
    1
  ),
  (
    102,
    '2024-01-05 11:41:26.612556',
    '10',
    'About NuxtJS',
    1,
    '[{\"added\": {}}]',
    7,
    1
  ),
  (
    103,
    '2024-01-05 11:44:44.663694',
    '11',
    'bhjb',
    1,
    '[{\"added\": {}}]',
    7,
    1
  ),
  (
    104,
    '2024-01-05 11:52:56.935681',
    '11',
    'bhjb',
    3,
    '',
    7,
    1
  ),
  (
    105,
    '2024-01-07 14:57:01.849942',
    '13',
    'nuxjs',
    3,
    '',
    8,
    1
  ),
  (
    106,
    '2024-01-07 14:57:07.604638',
    '5',
    'bootstrap',
    3,
    '',
    8,
    1
  ),
  (
    107,
    '2024-01-07 14:57:49.984014',
    '73',
    'First comment......',
    2,
    '[{\"changed\": {\"fields\": [\"Comment\"]}}]',
    10,
    1
  ),
  (
    108,
    '2024-01-10 08:41:28.013805',
    '7',
    '__Mary__, ID: (7)',
    3,
    '',
    6,
    1
  ),
  (
    109,
    '2024-01-10 09:11:26.892554',
    '8',
    '__Mary__, ID: (8)',
    3,
    '',
    6,
    1
  ),
  (
    110,
    '2024-01-10 09:37:36.669838',
    '9',
    '__Mary__, ID: (9)',
    3,
    '',
    6,
    1
  ),
  (
    111,
    '2024-01-10 09:41:49.550574',
    '13',
    '__Mary__33, ID: (13)',
    3,
    '',
    6,
    1
  ),
  (
    112,
    '2024-01-10 09:41:49.552435',
    '11',
    '__Mary__3, ID: (11)',
    3,
    '',
    6,
    1
  ),
  (
    113,
    '2024-01-10 09:41:49.553625',
    '10',
    '__Mary__, ID: (10)',
    3,
    '',
    6,
    1
  ),
  (
    114,
    '2024-01-10 09:50:38.397097',
    '14',
    '__Mary__33, ID: (14)',
    3,
    '',
    6,
    1
  ),
  (
    115,
    '2024-01-10 09:52:30.332445',
    '15',
    '__Mary__33, ID: (15)',
    3,
    '',
    6,
    1
  ),
  (
    116,
    '2024-01-10 09:54:09.073860',
    '16',
    '__Mary__33, ID: (16)',
    3,
    '',
    6,
    1
  ),
  (
    117,
    '2024-01-10 10:34:53.839266',
    '17',
    'Mary, ID: (17)',
    3,
    '',
    6,
    1
  ),
  (
    118,
    '2024-01-10 10:35:53.324976',
    '18',
    'Mary, ID: (18)',
    3,
    '',
    6,
    1
  ),
  (
    119,
    '2024-01-10 10:37:15.915174',
    '19',
    'Mary, ID: (19)',
    3,
    '',
    6,
    1
  ),
  (
    120,
    '2024-01-10 10:45:31.218227',
    '21',
    'Maryt, ID: (21)',
    3,
    '',
    6,
    1
  ),
  (
    121,
    '2024-01-10 10:45:31.220298',
    '20',
    'Mary, ID: (20)',
    3,
    '',
    6,
    1
  ),
  (
    122,
    '2024-01-10 11:51:08.386118',
    '22',
    'Mary, ID: (22)',
    3,
    '',
    6,
    1
  ),
  (
    123,
    '2024-01-10 15:38:14.676783',
    '75',
    'Third comment ia min...',
    3,
    '',
    10,
    1
  ),
  (
    124,
    '2024-01-10 15:39:50.146189',
    '76',
    'Third comment ia min...',
    3,
    '',
    10,
    1
  ),
  (
    125,
    '2024-01-10 17:06:09.434263',
    '23',
    'Mary',
    3,
    '',
    6,
    1
  ),
  (
    126,
    '2024-01-10 17:07:18.270520',
    '24',
    'Mary',
    3,
    '',
    6,
    1
  ),
  (
    127,
    '2024-01-10 18:09:54.204843',
    '78',
    '11111...',
    3,
    '',
    10,
    1
  ),
  (
    128,
    '2024-01-10 18:09:54.207305',
    '77',
    '11111...',
    3,
    '',
    10,
    1
  ),
  (
    129,
    '2024-01-16 07:36:25.227779',
    '10',
    'About NuxtJS',
    2,
    '[{\"changed\": {\"fields\": [\"Tags\"]}}]',
    7,
    1
  ),
  (
    130,
    '2024-01-19 12:29:38.811244',
    '26',
    'Mary_t',
    3,
    '',
    6,
    1
  ),
  (
    131,
    '2024-01-19 13:37:53.831961',
    '27',
    'Kate',
    3,
    '',
    6,
    1
  ),
  (
    132,
    '2024-01-19 13:41:18.178627',
    '28',
    'Kate',
    3,
    '',
    6,
    1
  ),
  (
    133,
    '2024-01-19 14:02:29.866054',
    '29',
    'Kate',
    3,
    '',
    6,
    1
  ),
  (
    134,
    '2024-01-19 14:03:10.759621',
    '30',
    'Mary_tf',
    3,
    '',
    6,
    1
  ),
  (
    135,
    '2024-01-19 14:21:29.274126',
    '31',
    'Kate',
    3,
    '',
    6,
    1
  ),
  (
    136,
    '2024-01-19 14:38:56.867644',
    '32',
    'Kate',
    3,
    '',
    6,
    1
  ),
  (
    137,
    '2024-01-19 15:12:29.438249',
    '36',
    'Kate',
    3,
    '',
    6,
    1
  ),
  (
    138,
    '2024-01-19 15:49:20.963881',
    '25',
    'Mary',
    3,
    '',
    6,
    1
  ),
  (
    139,
    '2024-01-21 17:16:43.038698',
    '88',
    'asdsadas...',
    3,
    '',
    10,
    1
  ),
  (
    140,
    '2024-01-21 17:16:43.041725',
    '87',
    'sdasdsa...',
    3,
    '',
    10,
    1
  ),
  (
    141,
    '2024-01-21 17:16:43.043636',
    '86',
    'asmx a,sx...',
    3,
    '',
    10,
    1
  ),
  (
    142,
    '2024-01-21 17:16:43.045347',
    '85',
    'dsada...',
    3,
    '',
    10,
    1
  ),
  (
    143,
    '2024-01-21 17:16:43.046985',
    '84',
    'scdscnksdc...',
    3,
    '',
    10,
    1
  ),
  (
    144,
    '2024-01-21 17:16:43.048767',
    '83',
    'sckds...',
    3,
    '',
    10,
    1
  ),
  (
    145,
    '2024-01-21 17:16:59.744687',
    '82',
    'Fifth comment ia min...',
    3,
    '',
    10,
    1
  ),
  (
    146,
    '2024-01-21 17:16:59.747119',
    '81',
    'Fouth comment ia min...',
    3,
    '',
    10,
    1
  ),
  (
    147,
    '2024-01-21 17:16:59.748779',
    '80',
    'Third comment ia min...',
    3,
    '',
    10,
    1
  ),
  (
    148,
    '2024-01-21 17:27:52.354708',
    '97',
    '000000...',
    3,
    '',
    10,
    1
  ),
  (
    149,
    '2024-01-21 17:27:52.357366',
    '96',
    '555...',
    3,
    '',
    10,
    1
  ),
  (
    150,
    '2024-01-21 17:27:52.358416',
    '95',
    'scksssds...',
    3,
    '',
    10,
    1
  ),
  (
    151,
    '2024-01-21 17:27:52.359346',
    '94',
    'ttt...',
    3,
    '',
    10,
    1
  ),
  (
    152,
    '2024-01-21 17:27:52.360155',
    '93',
    'sckds...',
    3,
    '',
    10,
    1
  ),
  (
    153,
    '2024-01-21 17:27:52.360894',
    '92',
    'ff...',
    3,
    '',
    10,
    1
  ),
  (
    154,
    '2024-01-21 17:27:52.361694',
    '91',
    '322...',
    3,
    '',
    10,
    1
  ),
  (
    155,
    '2024-01-21 17:27:52.362437',
    '90',
    '2...',
    3,
    '',
    10,
    1
  ),
  (
    156,
    '2024-01-21 17:27:52.363339',
    '89',
    '1...',
    3,
    '',
    10,
    1
  ),
  (
    157,
    '2024-01-22 13:04:13.902550',
    '127',
    'ad...',
    3,
    '',
    10,
    1
  ),
  (
    158,
    '2024-01-22 13:04:13.906213',
    '126',
    'ads...',
    3,
    '',
    10,
    1
  ),
  (
    159,
    '2024-01-22 13:04:13.907903',
    '125',
    'adsasd...',
    3,
    '',
    10,
    1
  ),
  (
    160,
    '2024-01-22 13:04:13.909170',
    '124',
    'dasasda...',
    3,
    '',
    10,
    1
  ),
  (
    161,
    '2024-01-22 13:04:13.910400',
    '123',
    'vsd...',
    3,
    '',
    10,
    1
  ),
  (
    162,
    '2024-01-22 13:04:13.911623',
    '122',
    'sdvds...',
    3,
    '',
    10,
    1
  ),
  (
    163,
    '2024-01-22 13:04:13.912394',
    '121',
    'svsd...',
    3,
    '',
    10,
    1
  ),
  (
    164,
    '2024-01-22 13:04:13.913107',
    '120',
    's...',
    3,
    '',
    10,
    1
  ),
  (
    165,
    '2024-01-22 13:04:13.914100',
    '119',
    'g...',
    3,
    '',
    10,
    1
  ),
  (
    166,
    '2024-01-22 13:04:13.914876',
    '118',
    'kj nm...',
    3,
    '',
    10,
    1
  ),
  (
    167,
    '2024-01-22 13:04:13.915554',
    '117',
    'fefcs...',
    3,
    '',
    10,
    1
  ),
  (
    168,
    '2024-01-22 13:04:13.916253',
    '116',
    'df...',
    3,
    '',
    10,
    1
  ),
  (
    169,
    '2024-01-22 13:04:13.916889',
    '115',
    'd...',
    3,
    '',
    10,
    1
  ),
  (
    170,
    '2024-01-22 13:04:13.917511',
    '114',
    'kjjklblj...',
    3,
    '',
    10,
    1
  ),
  (
    171,
    '2024-01-22 13:04:13.918144',
    '113',
    'ad...',
    3,
    '',
    10,
    1
  ),
  (
    172,
    '2024-01-22 13:04:13.918729',
    '112',
    'saxassx...',
    3,
    '',
    10,
    1
  ),
  (
    173,
    '2024-01-22 13:04:13.919380',
    '111',
    'asxasx...',
    3,
    '',
    10,
    1
  ),
  (
    174,
    '2024-01-22 13:04:13.920177',
    '110',
    'sdcsd...',
    3,
    '',
    10,
    1
  ),
  (
    175,
    '2024-01-22 13:04:13.920954',
    '109',
    'scsdc...',
    3,
    '',
    10,
    1
  ),
  (
    176,
    '2024-01-22 13:04:13.921690',
    '108',
    'dcsdc...',
    3,
    '',
    10,
    1
  ),
  (
    177,
    '2024-01-22 13:04:13.922578',
    '107',
    'acadca...',
    3,
    '',
    10,
    1
  ),
  (
    178,
    '2024-01-22 13:04:13.923777',
    '106',
    'ddd...',
    3,
    '',
    10,
    1
  ),
  (
    179,
    '2024-01-22 13:04:13.925096',
    '105',
    'dsdsd...',
    3,
    '',
    10,
    1
  ),
  (
    180,
    '2024-01-22 13:04:13.926428',
    '104',
    'sd...',
    3,
    '',
    10,
    1
  ),
  (
    181,
    '2024-01-22 13:04:13.927526',
    '103',
    'ff...',
    3,
    '',
    10,
    1
  ),
  (
    182,
    '2024-01-22 13:04:13.928674',
    '102',
    'dvfdvf...',
    3,
    '',
    10,
    1
  ),
  (
    183,
    '2024-01-22 13:04:13.929711',
    '101',
    'tttt...',
    3,
    '',
    10,
    1
  ),
  (
    184,
    '2024-01-22 13:04:13.930779',
    '100',
    'dcdcs...',
    3,
    '',
    10,
    1
  ),
  (
    185,
    '2024-01-22 13:04:13.931822',
    '99',
    'sacsac...',
    3,
    '',
    10,
    1
  ),
  (
    186,
    '2024-01-22 13:04:13.932807',
    '98',
    'Third comment......',
    3,
    '',
    10,
    1
  ),
  (
    187,
    '2024-01-22 13:04:13.933873',
    '74',
    'Second comment......',
    3,
    '',
    10,
    1
  ),
  (
    188,
    '2024-01-22 13:04:13.934964',
    '73',
    'First comment......',
    3,
    '',
    10,
    1
  ),
  (
    189,
    '2024-01-22 13:05:50.975641',
    '129',
    'scsdc...',
    3,
    '',
    10,
    1
  ),
  (
    190,
    '2024-01-22 13:05:50.979786',
    '128',
    'sdcsdc...',
    3,
    '',
    10,
    1
  ),
  (
    191,
    '2024-01-22 13:06:24.028910',
    '132',
    'cdscs...',
    3,
    '',
    10,
    1
  ),
  (
    192,
    '2024-01-22 13:06:24.031659',
    '131',
    'scdsc...',
    3,
    '',
    10,
    1
  ),
  (
    193,
    '2024-01-22 13:06:24.032681',
    '130',
    'fsfsdc...',
    3,
    '',
    10,
    1
  ),
  (
    194,
    '2024-01-22 13:09:21.952671',
    '133',
    'Hello...',
    3,
    '',
    10,
    1
  ),
  (
    195,
    '2024-01-22 13:15:48.320473',
    '134',
    'dbdb...',
    3,
    '',
    10,
    1
  ),
  (
    196,
    '2024-01-22 14:08:58.770386',
    '135',
    'hello...',
    3,
    '',
    10,
    1
  ),
  (
    197,
    '2024-01-22 14:08:58.773478',
    '153',
    '56575...',
    3,
    '',
    10,
    1
  ),
  (
    198,
    '2024-01-22 14:08:58.774800',
    '152',
    'sdc...',
    3,
    '',
    10,
    1
  ),
  (
    199,
    '2024-01-22 14:08:58.775951',
    '151',
    'dasd...',
    3,
    '',
    10,
    1
  ),
  (
    200,
    '2024-01-22 14:08:58.776757',
    '150',
    'dd...',
    3,
    '',
    10,
    1
  ),
  (
    201,
    '2024-01-22 14:08:58.777521',
    '149',
    'asdsa...',
    3,
    '',
    10,
    1
  ),
  (
    202,
    '2024-01-22 14:08:58.778260',
    '148',
    'dasd...',
    3,
    '',
    10,
    1
  ),
  (
    203,
    '2024-01-22 14:08:58.779096',
    '147',
    'adasd...',
    3,
    '',
    10,
    1
  ),
  (
    204,
    '2024-01-22 14:08:58.779759',
    '146',
    'xasxasx...',
    3,
    '',
    10,
    1
  ),
  (
    205,
    '2024-01-22 14:08:58.780506',
    '145',
    'sd...',
    3,
    '',
    10,
    1
  ),
  (
    206,
    '2024-01-22 14:08:58.781199',
    '144',
    'd...',
    3,
    '',
    10,
    1
  ),
  (
    207,
    '2024-01-22 14:08:58.781845',
    '143',
    's...',
    3,
    '',
    10,
    1
  ),
  (
    208,
    '2024-01-22 14:08:58.782826',
    '142',
    'c...',
    3,
    '',
    10,
    1
  ),
  (
    209,
    '2024-01-22 14:08:58.783577',
    '141',
    'x...',
    3,
    '',
    10,
    1
  ),
  (
    210,
    '2024-01-22 14:08:58.784278',
    '140',
    's...',
    3,
    '',
    10,
    1
  ),
  (
    211,
    '2024-01-22 14:08:58.785012',
    '139',
    's...',
    3,
    '',
    10,
    1
  ),
  (
    212,
    '2024-01-22 14:08:58.785767',
    '138',
    'x...',
    3,
    '',
    10,
    1
  ),
  (
    213,
    '2024-01-22 14:08:58.786521',
    '137',
    'b...',
    3,
    '',
    10,
    1
  ),
  (
    214,
    '2024-01-22 14:08:58.787212',
    '136',
    'v...',
    3,
    '',
    10,
    1
  ),
  (
    215,
    '2024-01-24 10:45:44.240960',
    '155',
    'Hello again!...',
    3,
    '',
    10,
    1
  ),
  (
    216,
    '2024-01-24 10:45:44.244285',
    '154',
    'Hello!...',
    3,
    '',
    10,
    1
  ),
  (
    217,
    '2024-01-24 10:45:51.276375',
    '37',
    'Nicole',
    3,
    '',
    6,
    1
  ),
  (
    218,
    '2024-01-24 12:00:42.533805',
    '9',
    'About Bootstrap5',
    2,
    '[{\"changed\": {\"fields\": [\"Image\"]}}]',
    7,
    1
  ),
  (
    219,
    '2024-01-24 12:01:22.927148',
    '10',
    'About NuxtJS',
    2,
    '[{\"changed\": {\"fields\": [\"Image\"]}}]',
    7,
    1
  ),
  (
    220,
    '2024-01-24 12:01:27.887414',
    '8',
    'About MySQL',
    2,
    '[{\"changed\": {\"fields\": [\"Image\"]}}]',
    7,
    1
  ),
  (
    221,
    '2024-01-24 12:01:33.688441',
    '7',
    'About JavaScript',
    2,
    '[{\"changed\": {\"fields\": [\"Image\"]}}]',
    7,
    1
  ),
  (
    222,
    '2024-01-24 12:02:06.080171',
    '6',
    'About Webpack',
    2,
    '[{\"changed\": {\"fields\": [\"Image\"]}}]',
    7,
    1
  ),
  (
    223,
    '2024-01-24 12:02:11.431189',
    '5',
    'About Python',
    2,
    '[{\"changed\": {\"fields\": [\"Image\"]}}]',
    7,
    1
  ),
  (
    224,
    '2024-01-24 12:12:03.155152',
    '10',
    'About NuxtJS',
    2,
    '[{\"changed\": {\"fields\": [\"Image\"]}}]',
    7,
    1
  ),
  (
    225,
    '2024-01-24 12:17:26.965261',
    '10',
    'About NuxtJS',
    2,
    '[{\"changed\": {\"fields\": [\"Content\"]}}]',
    7,
    1
  ),
  (
    226,
    '2024-01-24 12:17:47.793542',
    '10',
    'About NuxtJS',
    2,
    '[{\"changed\": {\"fields\": [\"Content\"]}}]',
    7,
    1
  ),
  (
    227,
    '2024-01-24 12:27:27.774438',
    '9',
    'About Bootstrap5',
    2,
    '[{\"changed\": {\"fields\": [\"Image\"]}}]',
    7,
    1
  ),
  (
    228,
    '2024-01-24 12:30:28.760882',
    '9',
    'About Bootstrap5',
    2,
    '[{\"changed\": {\"fields\": [\"Content\"]}}]',
    7,
    1
  ),
  (
    229,
    '2024-01-24 12:30:45.928723',
    '9',
    'About Bootstrap5',
    2,
    '[{\"changed\": {\"fields\": [\"Content\"]}}]',
    7,
    1
  ),
  (
    230,
    '2024-01-24 12:32:45.359961',
    '8',
    'About MySQL',
    2,
    '[{\"changed\": {\"fields\": [\"Content\", \"Image\"]}}]',
    7,
    1
  ),
  (
    231,
    '2024-01-24 12:32:51.795539',
    '8',
    'About MySQL',
    2,
    '[]',
    7,
    1
  ),
  (
    232,
    '2024-01-24 12:32:56.732296',
    '8',
    'About MySQL',
    2,
    '[]',
    7,
    1
  ),
  (
    233,
    '2024-01-24 12:38:09.170763',
    '7',
    'About JavaScript',
    2,
    '[{\"changed\": {\"fields\": [\"Tags\", \"Content\", \"Image\"]}}]',
    7,
    1
  ),
  (
    234,
    '2024-01-24 12:42:07.040549',
    '6',
    'About Webpack',
    2,
    '[{\"changed\": {\"fields\": [\"Content\", \"Image\"]}}]',
    7,
    1
  ),
  (
    235,
    '2024-01-24 12:42:42.751429',
    '6',
    'About Webpack',
    2,
    '[{\"changed\": {\"fields\": [\"Tags\"]}}]',
    7,
    1
  ),
  (
    236,
    '2024-01-24 12:43:03.361145',
    '5',
    'About Python',
    2,
    '[{\"changed\": {\"fields\": [\"Content\", \"Image\"]}}]',
    7,
    1
  ),
  (
    237,
    '2024-01-24 12:46:47.734077',
    '12',
    'About css',
    1,
    '[{\"added\": {}}]',
    7,
    1
  ),
  (
    238,
    '2024-01-24 13:01:59.473253',
    '13',
    'About HTML',
    1,
    '[{\"added\": {}}]',
    7,
    1
  ),
  (
    239,
    '2024-01-24 13:22:39.727962',
    '14',
    'About Docker',
    1,
    '[{\"added\": {}}]',
    7,
    1
  ),
  (
    240,
    '2024-01-24 13:25:48.424594',
    '4',
    'sass',
    2,
    '[{\"changed\": {\"fields\": [\"Name\", \"Slug\"]}}]',
    8,
    1
  ),
  (
    241,
    '2024-01-24 13:27:14.590281',
    '15',
    'About SASS',
    1,
    '[{\"added\": {}}]',
    7,
    1
  ),
  (
    242,
    '2024-01-24 13:31:47.039409',
    '156',
    'scksssds...',
    3,
    '',
    10,
    1
  ),
  (
    243,
    '2024-01-24 20:06:00.076940',
    '157',
    'comment...',
    1,
    '[{\"added\": {}}]',
    10,
    1
  ),
  (
    244,
    '2024-01-25 11:05:20.072776',
    '159',
    'hello...',
    3,
    '',
    10,
    1
  ),
  (
    245,
    '2024-01-25 11:05:20.074925',
    '158',
    'vkdvdsccsnmdkcskcsdc...',
    3,
    '',
    10,
    1
  ),
  (
    246,
    '2024-01-26 08:28:41.364853',
    '157',
    'comment...',
    3,
    '',
    10,
    1
  ),
  (
    247,
    '2024-03-10 16:11:08.745280',
    '38',
    'TestUser',
    3,
    '',
    6,
    1
  ),
  (
    248,
    '2024-03-10 16:11:08.747308',
    '40',
    'Mary_tf',
    3,
    '',
    6,
    1
  ),
  (
    249,
    '2024-03-10 16:11:08.748261',
    '39',
    'First User',
    3,
    '',
    6,
    1
  ),
  (
    250,
    '2024-03-10 16:12:56.400477',
    '41',
    'Mary',
    3,
    '',
    6,
    1
  ),
  (
    251,
    '2024-03-10 16:14:06.143218',
    '42',
    'User1',
    2,
    '[{\"changed\": {\"fields\": [\"Username\"]}}]',
    6,
    1
  ),
  (
    252,
    '2024-03-11 12:48:38.424496',
    '12',
    'About CSS',
    2,
    '[{\"changed\": {\"fields\": [\"Title\"]}}]',
    7,
    1
  ),
  (
    253,
    '2024-03-11 12:50:02.575639',
    '12',
    'About CSS',
    2,
    '[{\"added\": {\"name\": \"Post_Comment\", \"object\": \"First comment....\"}}]',
    7,
    1
  ),
  (
    254,
    '2024-03-11 18:02:36.246466',
    '12',
    'About CSS',
    2,
    '[{\"added\": {\"name\": \"Post_Comment\", \"object\": \"Second comment....\"}}]',
    7,
    1
  ),
  (
    255,
    '2024-03-11 18:49:55.731903',
    '3',
    'Third comment....',
    3,
    '',
    13,
    1
  ),
  (
    256,
    '2024-03-11 19:00:21.258371',
    '16',
    'test',
    1,
    '[{\"added\": {}}]',
    7,
    1
  ),
  (
    257,
    '2024-03-11 19:01:04.038020',
    '16',
    'test',
    2,
    '[{\"changed\": {\"fields\": [\"Image\"]}}]',
    7,
    1
  ),
  (
    258,
    '2024-03-11 19:01:37.527021',
    '16',
    'test',
    3,
    '',
    7,
    1
  ),
  (
    259,
    '2024-03-12 13:50:31.096689',
    '17',
    'dfdf',
    1,
    '[{\"added\": {}}]',
    7,
    1
  ),
  (
    260,
    '2024-03-12 13:51:06.817827',
    '17',
    'dfdf',
    3,
    '',
    7,
    1
  ),
  (
    261,
    '2024-03-12 19:04:04.309533',
    '16',
    'dfdf',
    3,
    '',
    8,
    1
  ),
  (
    262,
    '2024-03-12 19:04:14.408920',
    '15',
    'test',
    3,
    '',
    8,
    1
  ),
  (
    263,
    '2024-03-13 09:55:15.571584',
    '4',
    'Third comment....',
    2,
    '[{\"changed\": {\"fields\": [\"User\"]}}]',
    13,
    1
  ),
  (
    264,
    '2024-03-13 09:55:20.911556',
    '2',
    'Second comment....',
    2,
    '[{\"changed\": {\"fields\": [\"User\"]}}]',
    13,
    1
  ),
  (
    265,
    '2024-03-13 09:55:25.995006',
    '1',
    'First comment....',
    2,
    '[{\"changed\": {\"fields\": [\"User\"]}}]',
    13,
    1
  ),
  (
    266,
    '2024-03-14 21:41:09.376737',
    '13',
    'sfsdfsdf...',
    3,
    '',
    13,
    1
  ),
  (
    267,
    '2024-03-14 21:41:09.379850',
    '12',
    '123...',
    3,
    '',
    13,
    1
  ),
  (
    268,
    '2024-03-14 21:41:09.381233',
    '11',
    'asdada...',
    3,
    '',
    13,
    1
  ),
  (
    269,
    '2024-03-14 21:41:09.382118',
    '10',
    'sdf...',
    3,
    '',
    13,
    1
  ),
  (
    270,
    '2024-03-14 21:41:09.382926',
    '9',
    'fervev...',
    3,
    '',
    13,
    1
  ),
  (
    271,
    '2024-03-14 21:41:09.383676',
    '8',
    '7 comment...',
    3,
    '',
    13,
    1
  ),
  (
    272,
    '2024-03-14 21:41:09.384635',
    '7',
    '6 comment...',
    3,
    '',
    13,
    1
  ),
  (
    273,
    '2024-03-14 21:41:09.385943',
    '6',
    '5 comment....',
    3,
    '',
    13,
    1
  ),
  (
    274,
    '2024-03-14 21:41:09.387051',
    '5',
    '4 comment....',
    3,
    '',
    13,
    1
  ),
  (
    275,
    '2024-03-14 21:44:49.170864',
    '17',
    'sad...',
    3,
    '',
    13,
    1
  ),
  (
    276,
    '2024-03-14 21:44:49.173745',
    '16',
    'sadsad...',
    3,
    '',
    13,
    1
  ),
  (
    277,
    '2024-03-14 21:44:49.175458',
    '15',
    'asdasda...',
    3,
    '',
    13,
    1
  ),
  (
    278,
    '2024-03-14 21:44:49.176371',
    '14',
    'ascascac...',
    3,
    '',
    13,
    1
  ),
  (
    279,
    '2024-03-14 21:57:23.989627',
    '21',
    'kkk...',
    3,
    '',
    13,
    1
  ),
  (
    280,
    '2024-03-14 21:57:23.993358',
    '20',
    'sadda...',
    3,
    '',
    13,
    1
  ),
  (
    281,
    '2024-03-14 21:57:23.994372',
    '19',
    'sssss...',
    3,
    '',
    13,
    1
  ),
  (
    282,
    '2024-03-14 21:57:23.995210',
    '18',
    'asda...',
    3,
    '',
    13,
    1
  ),
  (
    283,
    '2024-03-15 06:08:31.979519',
    '24',
    'ad...',
    3,
    '',
    13,
    1
  ),
  (
    284,
    '2024-03-15 06:08:31.982744',
    '23',
    'bj...',
    3,
    '',
    13,
    1
  ),
  (
    285,
    '2024-03-15 06:08:31.984939',
    '22',
    '2...',
    3,
    '',
    13,
    1
  ),
  (
    286,
    '2024-03-15 07:27:12.727399',
    '31',
    '5 comment....',
    3,
    '',
    13,
    1
  ),
  (
    287,
    '2024-03-15 07:27:12.730440',
    '30',
    'asdsa...',
    3,
    '',
    13,
    1
  ),
  (
    288,
    '2024-03-15 07:27:12.731657',
    '29',
    'asdsada...',
    3,
    '',
    13,
    1
  ),
  (
    289,
    '2024-03-15 07:27:12.732923',
    '28',
    'asdads...',
    3,
    '',
    13,
    1
  ),
  (
    290,
    '2024-03-15 07:27:12.734702',
    '27',
    'asd...',
    3,
    '',
    13,
    1
  ),
  (
    291,
    '2024-03-15 07:27:12.735998',
    '26',
    'asd...',
    3,
    '',
    13,
    1
  ),
  (
    292,
    '2024-03-15 07:27:12.737291',
    '25',
    'asd...',
    3,
    '',
    13,
    1
  ),
  (
    293,
    '2024-03-15 07:48:06.168246',
    '36',
    'wefwef...',
    3,
    '',
    13,
    1
  ),
  (
    294,
    '2024-03-15 07:48:06.170661',
    '35',
    'dfvdv...',
    3,
    '',
    13,
    1
  ),
  (
    295,
    '2024-03-15 07:48:06.172516',
    '34',
    'dscsdc...',
    3,
    '',
    13,
    1
  ),
  (
    296,
    '2024-03-15 07:48:06.174004',
    '33',
    'dvdvfdv...',
    3,
    '',
    13,
    1
  ),
  (
    297,
    '2024-03-15 07:48:06.175232',
    '32',
    'zcv...',
    3,
    '',
    13,
    1
  ),
  (
    298,
    '2024-03-16 11:11:43.509892',
    '40',
    'gbf...',
    3,
    '',
    13,
    1
  ),
  (
    299,
    '2024-03-16 11:11:43.513515',
    '39',
    'asd...',
    3,
    '',
    13,
    1
  ),
  (
    300,
    '2024-03-16 11:11:43.514325',
    '38',
    'asdasd...',
    3,
    '',
    13,
    1
  ),
  (
    301,
    '2024-03-16 11:11:43.514977',
    '37',
    'acasdc...',
    3,
    '',
    13,
    1
  ),
  (
    302,
    '2024-03-16 15:13:03.778431',
    '73',
    '345gggfff...',
    3,
    '',
    13,
    1
  ),
  (
    303,
    '2024-03-16 15:13:03.783201',
    '72',
    '345gggff...',
    3,
    '',
    13,
    1
  ),
  (
    304,
    '2024-03-16 15:13:03.784330',
    '71',
    '345gggf...',
    3,
    '',
    13,
    1
  ),
  (
    305,
    '2024-03-16 15:13:03.785616',
    '70',
    '345ggg...',
    3,
    '',
    13,
    1
  ),
  (
    306,
    '2024-03-16 15:13:03.786902',
    '69',
    '345gg...',
    3,
    '',
    13,
    1
  ),
  (
    307,
    '2024-03-16 15:13:03.788138',
    '68',
    '345g...',
    3,
    '',
    13,
    1
  ),
  (
    308,
    '2024-03-16 15:13:03.789248',
    '67',
    '345...',
    3,
    '',
    13,
    1
  ),
  (
    309,
    '2024-03-16 15:13:03.790282',
    '66',
    '567...',
    3,
    '',
    13,
    1
  ),
  (
    310,
    '2024-03-16 15:13:03.791127',
    '65',
    '68890...',
    3,
    '',
    13,
    1
  ),
  (
    311,
    '2024-03-16 15:13:03.791846',
    '64',
    '890...',
    3,
    '',
    13,
    1
  ),
  (
    312,
    '2024-03-16 15:13:03.792468',
    '63',
    's...',
    3,
    '',
    13,
    1
  ),
  (
    313,
    '2024-03-16 15:13:03.793645',
    '62',
    'rty...',
    3,
    '',
    13,
    1
  ),
  (
    314,
    '2024-03-16 15:13:03.794948',
    '61',
    '12345678...',
    3,
    '',
    13,
    1
  ),
  (
    315,
    '2024-03-16 15:13:03.796328',
    '60',
    'dsfnk...',
    3,
    '',
    13,
    1
  ),
  (
    316,
    '2024-03-16 15:13:03.798275',
    '59',
    'dsfn...',
    3,
    '',
    13,
    1
  ),
  (
    317,
    '2024-03-16 15:13:03.800183',
    '58',
    'dsf...',
    3,
    '',
    13,
    1
  ),
  (
    318,
    '2024-03-16 15:13:03.802295',
    '57',
    'dsf...',
    3,
    '',
    13,
    1
  ),
  (
    319,
    '2024-03-16 15:13:03.804254',
    '56',
    'sad...',
    3,
    '',
    13,
    1
  ),
  (
    320,
    '2024-03-16 15:13:03.805783',
    '55',
    'sad...',
    3,
    '',
    13,
    1
  ),
  (
    321,
    '2024-03-16 15:13:03.806668',
    '54',
    'sd...',
    3,
    '',
    13,
    1
  ),
  (
    322,
    '2024-03-16 15:13:03.807426',
    '53',
    'f...',
    3,
    '',
    13,
    1
  ),
  (
    323,
    '2024-03-16 15:13:03.809076',
    '52',
    'ghjhg...',
    3,
    '',
    13,
    1
  ),
  (
    324,
    '2024-03-16 15:13:03.810636',
    '51',
    'dsad...',
    3,
    '',
    13,
    1
  ),
  (
    325,
    '2024-03-16 15:13:03.812042',
    '50',
    '789...',
    3,
    '',
    13,
    1
  ),
  (
    326,
    '2024-03-16 15:13:03.813454',
    '49',
    'dsf...',
    3,
    '',
    13,
    1
  ),
  (
    327,
    '2024-03-16 15:13:03.815207',
    '48',
    'fvdvfd...',
    3,
    '',
    13,
    1
  ),
  (
    328,
    '2024-03-16 15:13:03.816104',
    '47',
    'df...',
    3,
    '',
    13,
    1
  ),
  (
    329,
    '2024-03-16 15:13:03.816883',
    '46',
    '12345...',
    3,
    '',
    13,
    1
  ),
  (
    330,
    '2024-03-16 15:13:03.817907',
    '45',
    'd...',
    3,
    '',
    13,
    1
  ),
  (
    331,
    '2024-03-16 15:13:03.819625',
    '44',
    '890...',
    3,
    '',
    13,
    1
  ),
  (
    332,
    '2024-03-16 15:13:03.821320',
    '43',
    '678...',
    3,
    '',
    13,
    1
  ),
  (
    333,
    '2024-03-16 15:13:03.822665',
    '42',
    '456...',
    3,
    '',
    13,
    1
  ),
  (
    334,
    '2024-03-16 15:13:03.823776',
    '41',
    '123...',
    3,
    '',
    13,
    1
  ),
  (
    335,
    '2024-03-17 15:21:17.612722',
    '74',
    'fbdvjv...',
    3,
    '',
    13,
    1
  ),
  (
    336,
    '2024-03-17 15:21:27.965739',
    '42',
    'User1',
    3,
    '',
    6,
    1
  ),
  (
    337,
    '2024-03-17 16:15:33.799198',
    '48',
    'User6',
    3,
    '',
    6,
    1
  ),
  (
    338,
    '2024-03-17 16:15:33.802435',
    '47',
    'User5',
    3,
    '',
    6,
    1
  ),
  (
    339,
    '2024-03-17 16:15:33.803856',
    '46',
    'User4',
    3,
    '',
    6,
    1
  ),
  (
    340,
    '2024-03-17 16:15:33.805176',
    '45',
    'User3',
    3,
    '',
    6,
    1
  ),
  (
    341,
    '2024-03-17 16:15:33.806040',
    '44',
    'User2',
    3,
    '',
    6,
    1
  ),
  (
    342,
    '2024-03-17 16:15:33.807017',
    '43',
    'User',
    3,
    '',
    6,
    1
  ),
  (
    343,
    '2024-03-17 16:20:14.243793',
    '49',
    'TestUser',
    3,
    '',
    6,
    1
  ),
  (
    344,
    '2024-03-17 21:32:03.552018',
    '50',
    'User',
    3,
    '',
    6,
    1
  );

/*!40000 ALTER TABLE `django_admin_log` ENABLE KEYS */;

UNLOCK TABLES;

--
-- Table structure for table `django_content_type`
--
DROP TABLE IF EXISTS `django_content_type`;

/*!40101 SET @saved_cs_client     = @@character_set_client */;

/*!50503 SET character_set_client = utf8mb4 */;

CREATE TABLE
  `django_content_type` (
    `id` int NOT NULL AUTO_INCREMENT,
    `app_label` varchar(100) NOT NULL,
    `model` varchar(100) NOT NULL,
    PRIMARY KEY (`id`),
    UNIQUE KEY `django_content_type_app_label_model_76bd3d3b_uniq` (`app_label`, `model`)
  ) ENGINE = InnoDB AUTO_INCREMENT = 14 DEFAULT CHARSET = utf8mb4 COLLATE = utf8mb4_0900_ai_ci;

/*!40101 SET character_set_client = @saved_cs_client */;

--
-- Dumping data for table `django_content_type`
--
LOCK TABLES `django_content_type` WRITE;

/*!40000 ALTER TABLE `django_content_type` DISABLE KEYS */;

INSERT INTO
  `django_content_type`
VALUES
  (1, 'admin', 'logentry'),
  (3, 'auth', 'group'),
  (2, 'auth', 'permission'),
  (7, 'Blog__main', 'post'),
  (10, 'Blog__main', 'post_comment'),
  (13, 'Blog__main', 'post_comments'),
  (6, 'Blog__main', 'user'),
  (4, 'contenttypes', 'contenttype'),
  (5, 'sessions', 'session'),
  (8, 'taggit', 'tag'),
  (9, 'taggit', 'taggeditem'),
  (11, 'token_blacklist', 'blacklistedtoken'),
  (12, 'token_blacklist', 'outstandingtoken');

/*!40000 ALTER TABLE `django_content_type` ENABLE KEYS */;

UNLOCK TABLES;

--
-- Table structure for table `django_migrations`
--
DROP TABLE IF EXISTS `django_migrations`;

/*!40101 SET @saved_cs_client     = @@character_set_client */;

/*!50503 SET character_set_client = utf8mb4 */;

CREATE TABLE
  `django_migrations` (
    `id` bigint NOT NULL AUTO_INCREMENT,
    `app` varchar(255) NOT NULL,
    `name` varchar(255) NOT NULL,
    `applied` datetime (6) NOT NULL,
    PRIMARY KEY (`id`)
  ) ENGINE = InnoDB AUTO_INCREMENT = 45 DEFAULT CHARSET = utf8mb4 COLLATE = utf8mb4_0900_ai_ci;

/*!40101 SET character_set_client = @saved_cs_client */;

--
-- Dumping data for table `django_migrations`
--
LOCK TABLES `django_migrations` WRITE;

/*!40000 ALTER TABLE `django_migrations` DISABLE KEYS */;

INSERT INTO
  `django_migrations`
VALUES
  (
    1,
    'contenttypes',
    '0001_initial',
    '2023-12-28 14:03:34.949326'
  ),
  (
    2,
    'contenttypes',
    '0002_remove_content_type_name',
    '2023-12-28 14:03:34.961105'
  ),
  (
    3,
    'auth',
    '0001_initial',
    '2023-12-28 14:03:34.999374'
  ),
  (
    4,
    'auth',
    '0002_alter_permission_name_max_length',
    '2023-12-28 14:03:35.014966'
  ),
  (
    5,
    'auth',
    '0003_alter_user_email_max_length',
    '2023-12-28 14:03:35.017487'
  ),
  (
    6,
    'auth',
    '0004_alter_user_username_opts',
    '2023-12-28 14:03:35.019701'
  ),
  (
    7,
    'auth',
    '0005_alter_user_last_login_null',
    '2023-12-28 14:03:35.021574'
  ),
  (
    8,
    'auth',
    '0006_require_contenttypes_0002',
    '2023-12-28 14:03:35.021958'
  ),
  (
    9,
    'auth',
    '0007_alter_validators_add_error_messages',
    '2023-12-28 14:03:35.023753'
  ),
  (
    10,
    'auth',
    '0008_alter_user_username_max_length',
    '2023-12-28 14:03:35.025517'
  ),
  (
    11,
    'auth',
    '0009_alter_user_last_name_max_length',
    '2023-12-28 14:03:35.027296'
  ),
  (
    12,
    'auth',
    '0010_alter_group_name_max_length',
    '2023-12-28 14:03:35.033659'
  ),
  (
    13,
    'auth',
    '0011_update_proxy_permissions',
    '2023-12-28 14:03:35.036073'
  ),
  (
    14,
    'auth',
    '0012_alter_user_first_name_max_length',
    '2023-12-28 14:03:35.037850'
  ),
  (
    15,
    'Blog__main',
    '0001_initial',
    '2023-12-28 14:03:35.083327'
  ),
  (
    16,
    'admin',
    '0001_initial',
    '2023-12-28 14:03:35.108058'
  ),
  (
    17,
    'admin',
    '0002_logentry_remove_auto_add',
    '2023-12-28 14:03:35.111198'
  ),
  (
    18,
    'admin',
    '0003_logentry_add_action_flag_choices',
    '2023-12-28 14:03:35.113753'
  ),
  (
    19,
    'sessions',
    '0001_initial',
    '2023-12-28 14:03:35.118815'
  ),
  (
    20,
    'Blog__main',
    '0002_post',
    '2023-12-28 20:01:37.731192'
  ),
  (
    21,
    'Blog__main',
    '0003_alter_post_image_alter_post_url',
    '2023-12-28 21:00:29.038890'
  ),
  (
    22,
    'Blog__main',
    '0004_alter_user_phone_alter_user_username',
    '2023-12-30 20:42:04.459767'
  ),
  (
    23,
    'Blog__main',
    '0005_alter_user_phone',
    '2023-12-30 20:59:26.953542'
  ),
  (
    24,
    'taggit',
    '0001_initial',
    '2024-01-02 22:23:31.283171'
  ),
  (
    25,
    'taggit',
    '0002_auto_20150616_2121',
    '2024-01-02 22:23:31.288803'
  ),
  (
    26,
    'taggit',
    '0003_taggeditem_add_unique_index',
    '2024-01-02 22:23:31.296409'
  ),
  (
    27,
    'taggit',
    '0004_alter_taggeditem_content_type_alter_taggeditem_tag',
    '2024-01-02 22:23:31.304221'
  ),
  (
    28,
    'taggit',
    '0005_auto_20220424_2025',
    '2024-01-02 22:23:31.305539'
  ),
  (
    29,
    'taggit',
    '0006_rename_taggeditem_content_type_object_id_taggit_tagg_content_8fc721_idx',
    '2024-01-02 22:23:31.316389'
  ),
  (
    30,
    'Blog__main',
    '0006_remove_post_tag_post_tag',
    '2024-01-02 22:23:31.327562'
  ),
  (
    31,
    'Blog__main',
    '0007_post_comment',
    '2024-01-03 20:31:11.385221'
  ),
  (
    32,
    'Blog__main',
    '0008_alter_post_comment_text_alter_post_comment_user',
    '2024-01-04 14:27:33.703841'
  ),
  (
    33,
    'token_blacklist',
    '0001_initial',
    '2024-01-18 08:48:37.175537'
  ),
  (
    34,
    'token_blacklist',
    '0002_outstandingtoken_jti_hex',
    '2024-01-18 08:48:37.184044'
  ),
  (
    35,
    'token_blacklist',
    '0003_auto_20171017_2007',
    '2024-01-18 08:48:37.190939'
  ),
  (
    36,
    'token_blacklist',
    '0004_auto_20171017_2013',
    '2024-01-18 08:48:37.205777'
  ),
  (
    37,
    'token_blacklist',
    '0005_remove_outstandingtoken_jti',
    '2024-01-18 08:48:37.215724'
  ),
  (
    38,
    'token_blacklist',
    '0006_auto_20171017_2113',
    '2024-01-18 08:48:37.224110'
  ),
  (
    39,
    'token_blacklist',
    '0007_auto_20171017_2214',
    '2024-01-18 08:48:37.265917'
  ),
  (
    40,
    'token_blacklist',
    '0008_migrate_to_bigautofield',
    '2024-01-18 08:48:37.308838'
  ),
  (
    41,
    'token_blacklist',
    '0010_fix_migrate_to_bigautofield',
    '2024-01-18 08:48:37.315536'
  ),
  (
    42,
    'token_blacklist',
    '0011_linearizes_history',
    '2024-01-18 08:48:37.315919'
  ),
  (
    43,
    'token_blacklist',
    '0012_alter_outstandingtoken_user',
    '2024-01-18 08:48:37.320442'
  ),
  (
    44,
    'Blog__main',
    '0009_alter_post_options_alter_user_options_and_more',
    '2024-03-10 16:06:55.750861'
  );

/*!40000 ALTER TABLE `django_migrations` ENABLE KEYS */;

UNLOCK TABLES;

--
-- Table structure for table `django_session`
--
DROP TABLE IF EXISTS `django_session`;

/*!40101 SET @saved_cs_client     = @@character_set_client */;

/*!50503 SET character_set_client = utf8mb4 */;

CREATE TABLE
  `django_session` (
    `session_key` varchar(40) NOT NULL,
    `session_data` longtext NOT NULL,
    `expire_date` datetime (6) NOT NULL,
    PRIMARY KEY (`session_key`),
    KEY `django_session_expire_date_a5c62663` (`expire_date`)
  ) ENGINE = InnoDB DEFAULT CHARSET = utf8mb4 COLLATE = utf8mb4_0900_ai_ci;

/*!40101 SET character_set_client = @saved_cs_client */;

--
-- Dumping data for table `django_session`
--
LOCK TABLES `django_session` WRITE;

/*!40000 ALTER TABLE `django_session` DISABLE KEYS */;

INSERT INTO
  `django_session`
VALUES
  (
    '2loukadp9xfepj65uze2etkz26iik7tw',
    '.eJxVjDsOwjAQBe_iGln-rT-U9JzBWnttHECOFCcV4u4QKQW0b2bei0Xc1ha3UZY4ETszyU6_W8L8KH0HdMd-m3me-7pMie8KP-jg15nK83K4fwcNR_vWHkFlCtoboZID60GY5IhqcATeBEkKCC0kicG7pEWtxWoJVVsMqIm9P8saN4Y:1rLPNQ:tA1LumiXVDgNi9wTLKwz3I6Pq-Lsfauf5Ff-Pyf629o',
    '2024-01-18 15:11:20.876102'
  ),
  (
    '4tvamnoejzj6ysr49fyesb9h7qzlkwub',
    '.eJxVjDsOwyAQBe9CHSEvHxtSpvcZ0MIuwUmEJWNXUe4eIblI2jcz7y0CHnsJR-MtLCSuQovL7xYxPbl2QA-s91Wmte7bEmVX5EmbnFfi1-10_w4KttLrbKzznAwhMaoImLRP4E3EOI1msOQgASoGGsGwz2iV1npwFCE7nsTnCwyDOIY:1rJgiu:ga9mAtfj2gZmj1EhUrZyBr0bpWVz6HHJRK2vC5se79s',
    '2024-01-13 21:18:24.140577'
  ),
  (
    '5l1hkyk334l1u14ic9dajuykdsx4cc8z',
    '.eJxVjDsOwjAQBe_iGln-rT-U9JzBWnttHECOFCcV4u4QKQW0b2bei0Xc1ha3UZY4ETszyU6_W8L8KH0HdMd-m3me-7pMie8KP-jg15nK83K4fwcNR_vWHkFlCtoboZID60GY5IhqcATeBEkKCC0kicG7pEWtxWoJVVsMqIm9P8saN4Y:1rQnTn:6iKy3mrepZhMfKB3kbqr3TdDHWrLyna5XexJ5gg2Grc',
    '2024-02-02 11:56:11.512706'
  ),
  (
    'atgeh3d6dkf2ivbacn0d7tjwujwcn0jn',
    '.eJxVjDsOwjAQBe_iGln-rT-U9JzBWnttHECOFCcV4u4QKQW0b2bei0Xc1ha3UZY4ETszyU6_W8L8KH0HdMd-m3me-7pMie8KP-jg15nK83K4fwcNR_vWHkFlCtoboZID60GY5IhqcATeBEkKCC0kicG7pEWtxWoJVVsMqIm9P8saN4Y:1rJhmL:I4RIyg33YjoFqd0TuL1exXdjO7-zoed53LMXpQ8atbA',
    '2024-01-13 22:26:01.729792'
  ),
  (
    'f4e1a02qjrir8zaenc37eip09u1xrgba',
    '.eJxVjDsOwjAQBe_iGln-rT-U9JzBWnttHECOFCcV4u4QKQW0b2bei0Xc1ha3UZY4ETszyU6_W8L8KH0HdMd-m3me-7pMie8KP-jg15nK83K4fwcNR_vWHkFlCtoboZID60GY5IhqcATeBEkKCC0kicG7pEWtxWoJVVsMqIm9P8saN4Y:1rLhI3:h8zPlolrVye61tYsO57hCPC3aGP_XRl29MjLKFoak9M',
    '2024-01-19 10:18:59.320681'
  ),
  (
    'hv0d8iev61snacwhv3vyk7w5fq436ktm',
    '.eJxVjMsOwiAQRf-FtSHlDS7d-w1kYAapGkhKuzL-uzbpQrf3nHNfLMK21rgNWuKM7Mw0O_1uCfKD2g7wDu3Wee5tXebEd4UfdPBrR3peDvfvoMKo3zpPydtiUKigtHOS_JQkyBSMEhl0kMUHtFpoB84XkhaF08l5D0RoArL3B8ztN48:1rJhKS:Sgzt4wLCZbJ73TGV65kJTTXxnkvzTxvMNPE7KvoYz2E',
    '2024-01-13 21:57:12.289395'
  ),
  (
    'oli64cxs02y1l0m8mfyoicc6dpc5a4y8',
    '.eJxVjDsOwjAQBe_iGln-rT-U9JzBWnttHECOFCcV4u4QKQW0b2bei0Xc1ha3UZY4ETszyU6_W8L8KH0HdMd-m3me-7pMie8KP-jg15nK83K4fwcNR_vWHkFlCtoboZID60GY5IhqcATeBEkKCC0kicG7pEWtxWoJVVsMqIm9P8saN4Y:1rVDbp:2ogLGnAcAI0fpSHEFTnVSiwDI6ZeObav03GX-qYI_kE',
    '2024-02-14 16:38:45.679896'
  ),
  (
    'ps77u4hqkujn90omxfny76gx9me7h92m',
    '.eJxVjDsOwjAQBe_iGln-rT-U9JzBWnttHECOFCcV4u4QKQW0b2bei0Xc1ha3UZY4ETszyU6_W8L8KH0HdMd-m3me-7pMie8KP-jg15nK83K4fwcNR_vWHkFlCtoboZID60GY5IhqcATeBEkKCC0kicG7pEWtxWoJVVsMqIm9P8saN4Y:1rjyjb:0oTcAGnU7XarL6SCELNwHgxtfke4uIR1PkukAh20LMk',
    '2024-03-26 09:47:47.109198'
  ),
  (
    'snrvjyajzg8z9c51jjaf6al5mzzwsxw4',
    '.eJxVjDsOwjAQBe_iGln-rT-U9JzBWnttHECOFCcV4u4QKQW0b2bei0Xc1ha3UZY4ETszyU6_W8L8KH0HdMd-m3me-7pMie8KP-jg15nK83K4fwcNR_vWHkFlCtoboZID60GY5IhqcATeBEkKCC0kicG7pEWtxWoJVVsMqIm9P8saN4Y:1rjLgL:Hd2iaNDAxivWkxGMzaHZ4_chOOZho4CV6NiSitt1tgk',
    '2024-03-24 16:05:49.838146'
  ),
  (
    'wqkpdmt9e53tekg22jr0frrcniwjok3o',
    'e30:1rJgeh:UT0RJSSYTQ-9ilxNOIjjbV30DKWuZ8iKsJczTbi-A1Q',
    '2024-01-13 21:14:03.747234'
  ),
  (
    'yrvlacgh8fyp49cr9hx8x2nndwa20dve',
    '.eJxVjDsOwjAQBe_iGln-rT-U9JzBWnttHECOFCcV4u4QKQW0b2bei0Xc1ha3UZY4ETszyU6_W8L8KH0HdMd-m3me-7pMie8KP-jg15nK83K4fwcNR_vWHkFlCtoboZID60GY5IhqcATeBEkKCC0kicG7pEWtxWoJVVsMqIm9P8saN4Y:1rk2Vp:buTR8udmFMBKSPEWpMk4IXc_bLo0FPjOtpv4VzlB1l4',
    '2024-03-26 13:49:49.088689'
  );

/*!40000 ALTER TABLE `django_session` ENABLE KEYS */;

UNLOCK TABLES;

--
-- Table structure for table `taggit_tag`
--
DROP TABLE IF EXISTS `taggit_tag`;

/*!40101 SET @saved_cs_client     = @@character_set_client */;

/*!50503 SET character_set_client = utf8mb4 */;

CREATE TABLE
  `taggit_tag` (
    `id` int NOT NULL AUTO_INCREMENT,
    `name` varchar(100) NOT NULL,
    `slug` varchar(100) NOT NULL,
    PRIMARY KEY (`id`),
    UNIQUE KEY `name` (`name`),
    UNIQUE KEY `slug` (`slug`)
  ) ENGINE = InnoDB AUTO_INCREMENT = 17 DEFAULT CHARSET = utf8mb4 COLLATE = utf8mb4_0900_ai_ci;

/*!40101 SET character_set_client = @saved_cs_client */;

--
-- Dumping data for table `taggit_tag`
--
LOCK TABLES `taggit_tag` WRITE;

/*!40000 ALTER TABLE `taggit_tag` DISABLE KEYS */;

INSERT INTO
  `taggit_tag`
VALUES
  (1, 'css', 'css'),
  (2, 'drf', 'drf'),
  (3, 'django', 'django'),
  (4, 'sass', 'sass'),
  (6, 'nuxtjs', 'nuxtjs'),
  (7, 'webpack', 'webpack'),
  (8, 'python', 'python'),
  (9, 'js', 'js'),
  (10, 'mysql', 'mysql'),
  (11, 'html', 'html'),
  (12, 'bootstrap5', 'bootstrap5'),
  (14, 'docker', 'docker');

/*!40000 ALTER TABLE `taggit_tag` ENABLE KEYS */;

UNLOCK TABLES;

--
-- Table structure for table `taggit_taggeditem`
--
DROP TABLE IF EXISTS `taggit_taggeditem`;

/*!40101 SET @saved_cs_client     = @@character_set_client */;

/*!50503 SET character_set_client = utf8mb4 */;

CREATE TABLE
  `taggit_taggeditem` (
    `id` int NOT NULL AUTO_INCREMENT,
    `object_id` int NOT NULL,
    `content_type_id` int NOT NULL,
    `tag_id` int NOT NULL,
    PRIMARY KEY (`id`),
    UNIQUE KEY `taggit_taggeditem_content_type_id_object_id_tag_id_4bb97a8e_uniq` (`content_type_id`, `object_id`, `tag_id`),
    KEY `taggit_taggeditem_tag_id_f4f5b767_fk_taggit_tag_id` (`tag_id`),
    KEY `taggit_taggeditem_object_id_e2d7d1df` (`object_id`),
    KEY `taggit_tagg_content_8fc721_idx` (`content_type_id`, `object_id`),
    CONSTRAINT `taggit_taggeditem_content_type_id_9957a03c_fk_django_co` FOREIGN KEY (`content_type_id`) REFERENCES `django_content_type` (`id`),
    CONSTRAINT `taggit_taggeditem_tag_id_f4f5b767_fk_taggit_tag_id` FOREIGN KEY (`tag_id`) REFERENCES `taggit_tag` (`id`)
  ) ENGINE = InnoDB AUTO_INCREMENT = 36 DEFAULT CHARSET = utf8mb4 COLLATE = utf8mb4_0900_ai_ci;

/*!40101 SET character_set_client = @saved_cs_client */;

--
-- Dumping data for table `taggit_taggeditem`
--
LOCK TABLES `taggit_taggeditem` WRITE;

/*!40000 ALTER TABLE `taggit_taggeditem` DISABLE KEYS */;

INSERT INTO
  `taggit_taggeditem`
VALUES
  (12, 5, 7, 2),
  (13, 5, 7, 3),
  (11, 5, 7, 8),
  (16, 6, 7, 7),
  (15, 6, 7, 9),
  (27, 7, 7, 6),
  (17, 7, 7, 9),
  (18, 8, 7, 10),
  (19, 9, 7, 1),
  (21, 9, 7, 4),
  (20, 9, 7, 11),
  (22, 9, 7, 12),
  (26, 10, 7, 6),
  (23, 10, 7, 9),
  (28, 12, 7, 1),
  (29, 12, 7, 4),
  (30, 13, 7, 11),
  (31, 14, 7, 14),
  (32, 15, 7, 1),
  (33, 15, 7, 4);

/*!40000 ALTER TABLE `taggit_taggeditem` ENABLE KEYS */;

UNLOCK TABLES;

--
-- Table structure for table `token_blacklist_blacklistedtoken`
--
DROP TABLE IF EXISTS `token_blacklist_blacklistedtoken`;

/*!40101 SET @saved_cs_client     = @@character_set_client */;

/*!50503 SET character_set_client = utf8mb4 */;

CREATE TABLE
  `token_blacklist_blacklistedtoken` (
    `id` bigint NOT NULL AUTO_INCREMENT,
    `blacklisted_at` datetime (6) NOT NULL,
    `token_id` bigint NOT NULL,
    PRIMARY KEY (`id`),
    UNIQUE KEY `token_id` (`token_id`),
    CONSTRAINT `token_blacklist_blacklistedtoken_token_id_3cc7fe56_fk` FOREIGN KEY (`token_id`) REFERENCES `token_blacklist_outstandingtoken` (`id`)
  ) ENGINE = InnoDB AUTO_INCREMENT = 125 DEFAULT CHARSET = utf8mb4 COLLATE = utf8mb4_0900_ai_ci;

/*!40101 SET character_set_client = @saved_cs_client */;

--
-- Dumping data for table `token_blacklist_blacklistedtoken`
--
LOCK TABLES `token_blacklist_blacklistedtoken` WRITE;

/*!40000 ALTER TABLE `token_blacklist_blacklistedtoken` DISABLE KEYS */;

INSERT INTO
  `token_blacklist_blacklistedtoken`
VALUES
  (1, '2024-01-18 20:10:40.028013', 22),
  (2, '2024-01-18 20:57:09.317663', 34),
  (3, '2024-01-18 21:34:56.635946', 38),
  (4, '2024-01-18 21:37:01.469643', 39),
  (5, '2024-01-18 21:47:51.341669', 37),
  (6, '2024-01-18 21:48:36.919498', 40),
  (7, '2024-01-18 21:50:25.819281', 42),
  (8, '2024-01-18 21:51:55.117654', 43),
  (9, '2024-01-18 21:53:07.949631', 44),
  (10, '2024-01-18 22:02:58.138442', 45),
  (11, '2024-01-18 22:04:15.545810', 46),
  (12, '2024-01-18 22:05:35.325777', 47),
  (13, '2024-01-19 09:04:55.202122', 48),
  (14, '2024-01-19 09:17:35.702938', 51),
  (15, '2024-01-19 09:17:44.357521', 53),
  (16, '2024-01-19 09:17:51.312242', 54),
  (17, '2024-01-19 09:18:59.898219', 55),
  (18, '2024-01-19 09:19:07.737537', 56),
  (19, '2024-01-19 09:25:15.533810', 57),
  (20, '2024-01-19 09:32:59.846010', 58),
  (21, '2024-01-19 09:33:08.586844', 59),
  (22, '2024-01-19 09:34:11.433011', 60),
  (23, '2024-01-19 09:34:19.711229', 61),
  (24, '2024-01-19 09:34:43.894688', 62),
  (25, '2024-01-19 09:36:45.860313', 63),
  (26, '2024-01-19 09:36:55.870184', 64),
  (27, '2024-01-19 09:37:34.401709', 65),
  (28, '2024-01-19 09:39:11.421474', 66),
  (29, '2024-01-19 09:43:50.087563', 67),
  (30, '2024-01-19 09:44:07.061204', 68),
  (31, '2024-01-19 09:45:50.983470', 69),
  (32, '2024-01-19 09:47:06.629156', 70),
  (33, '2024-01-19 09:51:53.784308', 71),
  (34, '2024-01-19 09:53:06.725041', 72),
  (35, '2024-01-19 09:53:43.568785', 73),
  (36, '2024-01-19 09:54:32.597754', 74),
  (37, '2024-01-19 09:55:25.888521', 75),
  (38, '2024-01-19 09:56:23.486635', 76),
  (39, '2024-01-19 09:57:27.743576', 77),
  (40, '2024-01-19 09:57:46.771279', 78),
  (41, '2024-01-19 09:58:49.447442', 79),
  (42, '2024-01-19 10:03:00.435071', 80),
  (43, '2024-01-19 10:03:30.023782', 81),
  (44, '2024-01-19 10:06:17.000517', 82),
  (45, '2024-01-19 10:07:30.682836', 83),
  (46, '2024-01-19 10:10:42.640335', 84),
  (47, '2024-01-19 10:11:42.875157', 85),
  (48, '2024-01-19 10:14:28.400392', 86),
  (49, '2024-01-19 10:14:57.580813', 87),
  (50, '2024-01-19 10:15:47.054137', 88),
  (51, '2024-01-19 10:17:27.256333', 89),
  (52, '2024-01-19 10:18:42.494658', 90),
  (53, '2024-01-19 10:19:19.519662', 91),
  (54, '2024-01-19 10:19:53.236799', 92),
  (55, '2024-01-19 10:20:24.796408', 93),
  (56, '2024-01-19 10:21:27.305136', 94),
  (57, '2024-01-19 10:22:11.669126', 95),
  (58, '2024-01-19 10:23:27.254305', 96),
  (59, '2024-01-19 10:24:10.830648', 97),
  (60, '2024-01-19 10:24:54.606275', 98),
  (61, '2024-01-19 10:25:20.093834', 99),
  (62, '2024-01-19 10:27:14.287934', 100),
  (63, '2024-01-19 10:33:25.532172', 101),
  (64, '2024-01-19 10:35:53.128486', 102),
  (65, '2024-01-19 10:36:03.008892', 103),
  (66, '2024-01-19 10:39:48.833266', 104),
  (67, '2024-01-19 10:41:36.829275', 105),
  (68, '2024-01-19 10:42:49.695316', 106),
  (69, '2024-01-19 10:47:16.683411', 107),
  (70, '2024-01-19 12:52:28.097335', 109),
  (71, '2024-01-19 13:00:44.978859', 110),
  (72, '2024-01-19 13:00:57.024889', 111),
  (73, '2024-01-19 13:58:40.550213', 113),
  (74, '2024-01-19 14:21:19.240335', 114),
  (75, '2024-01-19 14:31:25.108713', 115),
  (76, '2024-01-19 14:51:13.309270', 117),
  (77, '2024-01-19 15:12:34.544561', 118),
  (78, '2024-01-19 15:16:56.349693', 119),
  (79, '2024-01-21 15:03:48.689935', 121),
  (80, '2024-01-22 11:33:48.026218', 129),
  (81, '2024-01-23 10:40:56.244782', 130),
  (82, '2024-01-23 10:52:54.027587', 135),
  (83, '2024-01-23 11:20:47.853799', 136),
  (84, '2024-01-24 13:32:11.820614', 138),
  (85, '2024-01-24 19:47:14.961922', 140),
  (86, '2024-01-24 21:55:51.601858', 141),
  (87, '2024-01-25 14:02:50.648245', 143),
  (88, '2024-01-25 16:24:27.071430', 144),
  (89, '2024-01-25 16:31:50.586648', 145),
  (90, '2024-01-26 08:24:32.258659', 146),
  (91, '2024-01-26 08:46:28.143255', 147),
  (92, '2024-01-28 17:36:50.529990', 148),
  (93, '2024-03-10 21:04:29.177527', 152),
  (94, '2024-03-10 21:05:19.717116', 153),
  (95, '2024-03-14 20:10:55.923492', 169),
  (96, '2024-03-14 20:11:17.098451', 171),
  (97, '2024-03-14 20:12:03.458535', 172),
  (98, '2024-03-14 20:12:17.512872', 173),
  (99, '2024-03-14 20:12:48.248669', 174),
  (100, '2024-03-14 20:29:49.226366', 175),
  (101, '2024-03-14 20:49:59.607973', 176),
  (102, '2024-03-14 21:46:16.756132', 177),
  (103, '2024-03-14 21:50:58.389549', 180),
  (104, '2024-03-14 21:54:34.816470', 181),
  (105, '2024-03-14 22:02:54.581197', 187),
  (106, '2024-03-14 22:05:16.282871', 189),
  (107, '2024-03-15 05:53:04.774752', 195),
  (108, '2024-03-15 07:27:39.766176', 205),
  (109, '2024-03-15 07:40:35.878553', 208),
  (110, '2024-03-15 20:57:32.425302', 239),
  (111, '2024-03-15 21:01:20.425645', 240),
  (112, '2024-03-16 12:38:10.939114', 304),
  (113, '2024-03-16 13:11:30.664949', 310),
  (114, '2024-03-16 16:45:15.217513', 329),
  (115, '2024-03-16 20:56:41.725993', 331),
  (116, '2024-03-17 15:10:44.508910', 332),
  (117, '2024-03-17 16:07:07.016143', 333),
  (118, '2024-03-17 16:07:27.855975', 334),
  (119, '2024-03-17 16:19:22.375394', 335),
  (120, '2024-03-17 16:20:01.222700', 336),
  (121, '2024-03-17 19:39:34.586784', 337),
  (122, '2024-03-17 20:04:49.608466', 339),
  (123, '2024-03-17 20:06:03.869930', 340),
  (124, '2024-03-18 15:32:40.304810', 342);

/*!40000 ALTER TABLE `token_blacklist_blacklistedtoken` ENABLE KEYS */;

UNLOCK TABLES;

--
-- Table structure for table `token_blacklist_outstandingtoken`
--
DROP TABLE IF EXISTS `token_blacklist_outstandingtoken`;

/*!40101 SET @saved_cs_client     = @@character_set_client */;

/*!50503 SET character_set_client = utf8mb4 */;

CREATE TABLE
  `token_blacklist_outstandingtoken` (
    `id` bigint NOT NULL AUTO_INCREMENT,
    `token` longtext NOT NULL,
    `created_at` datetime (6) DEFAULT NULL,
    `expires_at` datetime (6) NOT NULL,
    `user_id` bigint DEFAULT NULL,
    `jti` varchar(255) NOT NULL,
    PRIMARY KEY (`id`),
    UNIQUE KEY `token_blacklist_outstandingtoken_jti_hex_d9bdf6f7_uniq` (`jti`),
    KEY `token_blacklist_outs_user_id_83bc629a_fk_Blog__mai` (`user_id`),
    CONSTRAINT `token_blacklist_outs_user_id_83bc629a_fk_Blog__mai` FOREIGN KEY (`user_id`) REFERENCES `Blog__main_user` (`id`)
  ) ENGINE = InnoDB AUTO_INCREMENT = 343 DEFAULT CHARSET = utf8mb4 COLLATE = utf8mb4_0900_ai_ci;

/*!40101 SET character_set_client = @saved_cs_client */;

--
-- Dumping data for table `token_blacklist_outstandingtoken`
--
LOCK TABLES `token_blacklist_outstandingtoken` WRITE;

/*!40000 ALTER TABLE `token_blacklist_outstandingtoken` DISABLE KEYS */;

INSERT INTO
  `token_blacklist_outstandingtoken`
VALUES
  (
    1,
    'eyJhbGciOiJIUzI1NiIsInR5cCI6IkpXVCJ9.eyJ0b2tlbl90eXBlIjoicmVmcmVzaCIsImV4cCI6MTcwNTU3NDkzOCwiaWF0IjoxNzA1NTY3NzM4LCJqdGkiOiIxZDY3NWFkY2VhMTY0ZmU4YmE5OGU3ZGI5YjY3YWNhNCIsInVzZXJfaWQiOjI1fQ.ZDyVED1_nbgsP171Nrx4XrhSrcvWvrAZlgQdlz9CwN4',
    '2024-01-18 08:48:58.168824',
    '2024-01-18 10:48:58.000000',
    NULL,
    '1d675adcea164fe8ba98e7db9b67aca4'
  ),
  (
    2,
    'eyJhbGciOiJIUzI1NiIsInR5cCI6IkpXVCJ9.eyJ0b2tlbl90eXBlIjoicmVmcmVzaCIsImV4cCI6MTcwNTU3NDkzOCwiaWF0IjoxNzA1NTY3NzM4LCJqdGkiOiI2NjM1YTViOTRjMGU0ZmQ3ODI3NmIyYmM2NGM0M2JlMyIsInVzZXJfaWQiOjI1fQ.ekALQSmF4x5VWXeFMXGcHD4lniNXSF4mj_YF7ToCOLc',
    '2024-01-18 08:48:58.315094',
    '2024-01-18 10:48:58.000000',
    NULL,
    '6635a5b94c0e4fd78276b2bc64c43be3'
  ),
  (
    3,
    'eyJhbGciOiJIUzI1NiIsInR5cCI6IkpXVCJ9.eyJ0b2tlbl90eXBlIjoicmVmcmVzaCIsImV4cCI6MTcwNTU3OTU2MywiaWF0IjoxNzA1NTcyMzYzLCJqdGkiOiJhMTY2NzNlYWRmMDY0YTI1OTY3NDdlZDQ1OWYxN2RmNSIsInVzZXJfaWQiOjI1fQ.IC-SUHA_0HSab6kKBa5dkNULrS9yzcdekUyBJg4s1BE',
    '2024-01-18 10:06:03.984586',
    '2024-01-18 12:06:03.000000',
    NULL,
    'a16673eadf064a2596747ed459f17df5'
  ),
  (
    4,
    'eyJhbGciOiJIUzI1NiIsInR5cCI6IkpXVCJ9.eyJ0b2tlbl90eXBlIjoicmVmcmVzaCIsImV4cCI6MTcwNTU3OTg3NiwiaWF0IjoxNzA1NTcyNjc2LCJqdGkiOiJkZGMxMjVmYzNhNDY0MmQ5YjMxM2E3MWFjZjcwNTViNyIsInVzZXJfaWQiOjI1fQ.njEu3qssTNHfKFG0Nk1RUGq3fggPBIGtCI6nFa3MX7w',
    '2024-01-18 10:11:16.532090',
    '2024-01-18 12:11:16.000000',
    NULL,
    'ddc125fc3a4642d9b313a71acf7055b7'
  ),
  (
    5,
    'eyJhbGciOiJIUzI1NiIsInR5cCI6IkpXVCJ9.eyJ0b2tlbl90eXBlIjoicmVmcmVzaCIsImV4cCI6MTcwNTU4MDM0OCwiaWF0IjoxNzA1NTczMTQ4LCJqdGkiOiI1N2RlYTE0ZmQ0OTU0NjgxYjRiNjNjODg2NjBkYzRiOCIsInVzZXJfaWQiOjI1fQ.CiCfzECikBQcKxjnO65saIuiNUI_rjJ5afQXG-2TLUE',
    '2024-01-18 10:19:08.797359',
    '2024-01-18 12:19:08.000000',
    NULL,
    '57dea14fd4954681b4b63c88660dc4b8'
  ),
  (
    6,
    'eyJhbGciOiJIUzI1NiIsInR5cCI6IkpXVCJ9.eyJ0b2tlbl90eXBlIjoicmVmcmVzaCIsImV4cCI6MTcwNTYwNDEyMCwiaWF0IjoxNzA1NTk2OTIwLCJqdGkiOiIxNjU0YmY0MGZlZmI0N2ExOWRhOGM5OThiNGNiMDkzMiIsInVzZXJfaWQiOjI1fQ.UNh_lxiA-PPrmFhiQOc7v99s5KKO_027dpJsjJFlJhk',
    '2024-01-18 16:55:20.451437',
    '2024-01-18 18:55:20.000000',
    NULL,
    '1654bf40fefb47a19da8c998b4cb0932'
  ),
  (
    7,
    'eyJhbGciOiJIUzI1NiIsInR5cCI6IkpXVCJ9.eyJ0b2tlbl90eXBlIjoicmVmcmVzaCIsImV4cCI6MTcwNTYwOTg0NiwiaWF0IjoxNzA1NjAyNjQ2LCJqdGkiOiI4MDY0MjNhOTVlMTg0N2UxYjllMWIxMzIwYjNjMzMyMiIsInVzZXJfaWQiOjI1fQ.5cNeVWZMNjoZauMf6A3MAG0_57VbNOCRNjmcF_9_0O8',
    '2024-01-18 18:30:46.876952',
    '2024-01-18 20:30:46.000000',
    NULL,
    '806423a95e1847e1b9e1b1320b3c3322'
  ),
  (
    8,
    'eyJhbGciOiJIUzI1NiIsInR5cCI6IkpXVCJ9.eyJ0b2tlbl90eXBlIjoicmVmcmVzaCIsImV4cCI6MTcwNTYxMDAwMywiaWF0IjoxNzA1NjAyODAzLCJqdGkiOiI0Y2VjZDFhOTE3MjA0ZDQyOTlhMjc2Nzc5NzFiNmYxOSIsInVzZXJfaWQiOjI1fQ.qSEnttxzgxysIhzNoiQiTexz0O198ZE8uCXA3zeAJjA',
    '2024-01-18 18:33:23.130249',
    '2024-01-18 20:33:23.000000',
    NULL,
    '4cecd1a917204d4299a27677971b6f19'
  ),
  (
    9,
    'eyJhbGciOiJIUzI1NiIsInR5cCI6IkpXVCJ9.eyJ0b2tlbl90eXBlIjoicmVmcmVzaCIsImV4cCI6MTcwNTYxMDM1NywiaWF0IjoxNzA1NjAzMTU3LCJqdGkiOiIzMDA2OWEyODhkZDM0ZDAyODI0MDZlOWU1ODM2NjIyMSIsInVzZXJfaWQiOjI1fQ.pAVXM5AvXKODxyd2n-9zo7rPTCQDr4Xat8MVU9jHnZU',
    '2024-01-18 18:39:17.720155',
    '2024-01-18 20:39:17.000000',
    NULL,
    '30069a288dd34d0282406e9e58366221'
  ),
  (
    10,
    'eyJhbGciOiJIUzI1NiIsInR5cCI6IkpXVCJ9.eyJ0b2tlbl90eXBlIjoicmVmcmVzaCIsImV4cCI6MTcwNTYxMDQ0MywiaWF0IjoxNzA1NjAzMjQzLCJqdGkiOiIwOWEwYTg1YzM3ODI0Njc4YjhlYzM2Y2JjOGEzNzRkOSIsInVzZXJfaWQiOjI1fQ.muW5U-Y-KEP_CaEZgM8nPgAnQ1tBgwuMTL4ZJoDJoiI',
    '2024-01-18 18:40:43.327710',
    '2024-01-18 20:40:43.000000',
    NULL,
    '09a0a85c37824678b8ec36cbc8a374d9'
  ),
  (
    11,
    'eyJhbGciOiJIUzI1NiIsInR5cCI6IkpXVCJ9.eyJ0b2tlbl90eXBlIjoicmVmcmVzaCIsImV4cCI6MTcwNTYxMDQ0NywiaWF0IjoxNzA1NjAzMjQ3LCJqdGkiOiI1MDQyNzdjZTdlY2Q0YmMyYThlNmIzZGVkODNkOTJiZSIsInVzZXJfaWQiOjI1fQ.WWMhzpqn5zRLe8-Rhf9ywv2BvDWxZI0z6llVyROw4Qw',
    '2024-01-18 18:40:47.262614',
    '2024-01-18 20:40:47.000000',
    NULL,
    '504277ce7ecd4bc2a8e6b3ded83d92be'
  ),
  (
    12,
    'eyJhbGciOiJIUzI1NiIsInR5cCI6IkpXVCJ9.eyJ0b2tlbl90eXBlIjoicmVmcmVzaCIsImV4cCI6MTcwNTYxMjIyMywiaWF0IjoxNzA1NjA1MDIzLCJqdGkiOiI3YmYxMjA4N2EyNmM0YzhhYTdiNGIyYzBiY2IxMDZkNiIsInVzZXJfaWQiOjI1fQ.fnbKuNLDvD0hEyZ_gSi6OG2XgACwrP_SqPU4WlKtJG4',
    '2024-01-18 19:10:23.819230',
    '2024-01-18 21:10:23.000000',
    NULL,
    '7bf12087a26c4c8aa7b4b2c0bcb106d6'
  ),
  (
    13,
    'eyJhbGciOiJIUzI1NiIsInR5cCI6IkpXVCJ9.eyJ0b2tlbl90eXBlIjoicmVmcmVzaCIsImV4cCI6MTcwNTYxMjI3NiwiaWF0IjoxNzA1NjA1MDc2LCJqdGkiOiJiYzFlMTIxNTMxODQ0NDljYjFhOWRjYzkyZmIxNjNiZSIsInVzZXJfaWQiOjI1fQ.dn-bNLi9WQFVHVud78F9o5MggHdeh4SM9v8V8K58Zh8',
    '2024-01-18 19:11:16.489407',
    '2024-01-18 21:11:16.000000',
    NULL,
    'bc1e12153184449cb1a9dcc92fb163be'
  ),
  (
    14,
    'eyJhbGciOiJIUzI1NiIsInR5cCI6IkpXVCJ9.eyJ0b2tlbl90eXBlIjoicmVmcmVzaCIsImV4cCI6MTcwNTYxMjM3OCwiaWF0IjoxNzA1NjA1MTc4LCJqdGkiOiIzZmU0MzMxNzUyYmE0ZjkyYTk2OWMwNDViOTA1NTdmNCIsInVzZXJfaWQiOjI1fQ.8eGErCQs2ttjfLPGNvY_GdOuY4rYuPNeZuhzzMSs0vM',
    '2024-01-18 19:12:58.010094',
    '2024-01-18 21:12:58.000000',
    NULL,
    '3fe4331752ba4f92a969c045b90557f4'
  ),
  (
    15,
    'eyJhbGciOiJIUzI1NiIsInR5cCI6IkpXVCJ9.eyJ0b2tlbl90eXBlIjoicmVmcmVzaCIsImV4cCI6MTcwNTYxMjcwNywiaWF0IjoxNzA1NjA1NTA3LCJqdGkiOiJmODRhOGNkYTk0MDg0OTVmYjNiOTFlYmJiODkxYTkzYyIsInVzZXJfaWQiOjI1fQ.AVlv4__Fu30CompnqhM0jPxyx8N47DPQk1z3Hz_G0Ps',
    '2024-01-18 19:18:27.018905',
    '2024-01-18 21:18:27.000000',
    NULL,
    'f84a8cda9408495fb3b91ebbb891a93c'
  ),
  (
    16,
    'eyJhbGciOiJIUzI1NiIsInR5cCI6IkpXVCJ9.eyJ0b2tlbl90eXBlIjoicmVmcmVzaCIsImV4cCI6MTcwNTYxMzExOCwiaWF0IjoxNzA1NjA1OTE4LCJqdGkiOiI0OTIxNTFhYzRkMTE0Y2M5YTA3ZTU3ZjcyY2ZjNzI3MyIsInVzZXJfaWQiOjI1fQ.gNPdFXYBdkds2xg2R03DJOL9l0Q1gyhuG1SIHWIN6nY',
    '2024-01-18 19:25:18.480949',
    '2024-01-18 21:25:18.000000',
    NULL,
    '492151ac4d114cc9a07e57f72cfc7273'
  ),
  (
    17,
    'eyJhbGciOiJIUzI1NiIsInR5cCI6IkpXVCJ9.eyJ0b2tlbl90eXBlIjoicmVmcmVzaCIsImV4cCI6MTcwNTYxMzE5NSwiaWF0IjoxNzA1NjA1OTk1LCJqdGkiOiI1NDE0YTM1YjI0NjU0OTM1YmZiNjMyNjU5ZjEzMWY4NCIsInVzZXJfaWQiOjI1fQ.C_37TKM-_LKY0-sx7R-_mNs-sVw1XmhKuaEPUVqZ0kE',
    '2024-01-18 19:26:35.308635',
    '2024-01-18 21:26:35.000000',
    NULL,
    '5414a35b24654935bfb632659f131f84'
  ),
  (
    18,
    'eyJhbGciOiJIUzI1NiIsInR5cCI6IkpXVCJ9.eyJ0b2tlbl90eXBlIjoicmVmcmVzaCIsImV4cCI6MTcwNTYxMzI4OSwiaWF0IjoxNzA1NjA2MDg5LCJqdGkiOiJhZGUxYmE1ZTE3MWY0NjllOTQ4ODEzYzVhYWYzYjI1NyIsInVzZXJfaWQiOjF9.1LsnjWfu5hlwVfnCACbT_elcUoBew4AYgshi4BaO8OU',
    '2024-01-18 19:28:09.438037',
    '2024-01-18 21:28:09.000000',
    1,
    'ade1ba5e171f469e948813c5aaf3b257'
  ),
  (
    19,
    'eyJhbGciOiJIUzI1NiIsInR5cCI6IkpXVCJ9.eyJ0b2tlbl90eXBlIjoicmVmcmVzaCIsImV4cCI6MTcwNTYxMzM5MCwiaWF0IjoxNzA1NjA2MTkwLCJqdGkiOiI5NTBkYTNhZDczZmQ0NmVjODhhNGVkOGM0ZWMxMGZmMiIsInVzZXJfaWQiOjI1fQ.K-pWPtqI3LSwRWZOLrz7sl1H3sMswHsgobYrd8D_I2M',
    '2024-01-18 19:29:50.626497',
    '2024-01-18 21:29:50.000000',
    NULL,
    '950da3ad73fd46ec88a4ed8c4ec10ff2'
  ),
  (
    20,
    'eyJhbGciOiJIUzI1NiIsInR5cCI6IkpXVCJ9.eyJ0b2tlbl90eXBlIjoicmVmcmVzaCIsImV4cCI6MTcwNTYxNTMyNiwiaWF0IjoxNzA1NjA4MTI2LCJqdGkiOiJmOTZlM2FlOGE1MWM0ZGIwOTEyZWYyMWYyY2MzMWU0ZSIsInVzZXJfaWQiOjF9.n7UYDk4MRjBsF80oRHjWHh88UQOOCJ7dbToITYYhLiU',
    '2024-01-18 20:02:06.878854',
    '2024-01-18 22:02:06.000000',
    1,
    'f96e3ae8a51c4db0912ef21f2cc31e4e'
  ),
  (
    21,
    'eyJhbGciOiJIUzI1NiIsInR5cCI6IkpXVCJ9.eyJ0b2tlbl90eXBlIjoicmVmcmVzaCIsImV4cCI6MTcwNTYxNTQ1NywiaWF0IjoxNzA1NjA4MjU3LCJqdGkiOiI3NzAzZGYzYWI1MjQ0MjFmYmZhODU4NjQxNGM2N2U2NCIsInVzZXJfaWQiOjF9.Y14iLrBWXN_xPdgIGFzNkQT2_Vva2th02V-emzh4Tbo',
    '2024-01-18 20:04:17.764226',
    '2024-01-18 22:04:17.000000',
    1,
    '7703df3ab524421fbfa8586414c67e64'
  ),
  (
    22,
    'eyJhbGciOiJIUzI1NiIsInR5cCI6IkpXVCJ9.eyJ0b2tlbl90eXBlIjoicmVmcmVzaCIsImV4cCI6MTcwNTYxNTgyOCwiaWF0IjoxNzA1NjA4NjI4LCJqdGkiOiJkMDE0ZmI5OTYyOWE0ZDc5OGU0ZTBlNGY1YzdmNmY5MiIsInVzZXJfaWQiOjI1fQ.bjpwuXYpXZEvbUgnq_1Ezoba9LODGolM4WSEG5Z96n0',
    '2024-01-18 20:10:28.119679',
    '2024-01-18 22:10:28.000000',
    NULL,
    'd014fb99629a4d798e4e0e4f5c7f6f92'
  ),
  (
    23,
    'eyJhbGciOiJIUzI1NiIsInR5cCI6IkpXVCJ9.eyJ0b2tlbl90eXBlIjoicmVmcmVzaCIsImV4cCI6MTcwNTYxNTg5NiwiaWF0IjoxNzA1NjA4Njk2LCJqdGkiOiJlOGM5OWNjZmI1Y2M0YjMxOTg2ZGNjOTQzYzMxY2M1ZSIsInVzZXJfaWQiOjF9.sSrdGAIsGS7ctr-iHyNUY9cWzxVGSVphoV1emtA-XKc',
    '2024-01-18 20:11:36.034149',
    '2024-01-18 22:11:36.000000',
    1,
    'e8c99ccfb5cc4b31986dcc943c31cc5e'
  ),
  (
    24,
    'eyJhbGciOiJIUzI1NiIsInR5cCI6IkpXVCJ9.eyJ0b2tlbl90eXBlIjoicmVmcmVzaCIsImV4cCI6MTcwNTYxNTkyMSwiaWF0IjoxNzA1NjA4NzIxLCJqdGkiOiJiNjY5ZDVjZmUwNjA0ODI2OWI4ZDQzZDE0NDdlMWRiYyIsInVzZXJfaWQiOjI1fQ.0rezMo9QWH_j6wM1_Tjtpku4iYLfRPoSRwnJWjHF-iI',
    '2024-01-18 20:12:01.475099',
    '2024-01-18 22:12:01.000000',
    NULL,
    'b669d5cfe06048269b8d43d1447e1dbc'
  ),
  (
    25,
    'eyJhbGciOiJIUzI1NiIsInR5cCI6IkpXVCJ9.eyJ0b2tlbl90eXBlIjoicmVmcmVzaCIsImV4cCI6MTcwNTYxNjAyNCwiaWF0IjoxNzA1NjA4ODI0LCJqdGkiOiIxNmE1ZmU5MDc4NTI0N2ZiOTkwMjFmMzdmNmQ1MWNlMiIsInVzZXJfaWQiOjF9.vZVMaHZQUN-WpNFuFMJaE3QImohYMWcsE78r9ss3f04',
    '2024-01-18 20:13:44.808047',
    '2024-01-18 22:13:44.000000',
    1,
    '16a5fe90785247fb99021f37f6d51ce2'
  ),
  (
    26,
    'eyJhbGciOiJIUzI1NiIsInR5cCI6IkpXVCJ9.eyJ0b2tlbl90eXBlIjoicmVmcmVzaCIsImV4cCI6MTcwNTYxNjYwNiwiaWF0IjoxNzA1NjA5NDA2LCJqdGkiOiI1NTFmZjUyOGE1MDI0YWQwOTU5ODNkMjk3OGQ2MGE0ZCIsInVzZXJfaWQiOjF9.t_tBKJduQ-H23gkdqE7P5o5zspVIWYyEzm26nNWeXeE',
    '2024-01-18 20:23:26.082252',
    '2024-01-18 22:23:26.000000',
    1,
    '551ff528a5024ad095983d2978d60a4d'
  ),
  (
    27,
    'eyJhbGciOiJIUzI1NiIsInR5cCI6IkpXVCJ9.eyJ0b2tlbl90eXBlIjoicmVmcmVzaCIsImV4cCI6MTcwNTYxNjc5MiwiaWF0IjoxNzA1NjA5NTkyLCJqdGkiOiJlZjI0MTA1MTQ2ZTE0MjA3YjU3ZjQzYjY4OWRhZDllNiIsInVzZXJfaWQiOjF9.Dka3KFLC5WhXoTiXvAUxzyDOk2bQeo0ys7D-DzL6dGU',
    '2024-01-18 20:26:32.234328',
    '2024-01-18 22:26:32.000000',
    1,
    'ef24105146e14207b57f43b689dad9e6'
  ),
  (
    28,
    'eyJhbGciOiJIUzI1NiIsInR5cCI6IkpXVCJ9.eyJ0b2tlbl90eXBlIjoicmVmcmVzaCIsImV4cCI6MTcwNTYxNjg3MCwiaWF0IjoxNzA1NjA5NjcwLCJqdGkiOiIxOTk3MmVmNzhmMTY0OTZkYmJlZmY1NWMxNzIzYWExNCIsInVzZXJfaWQiOjF9.fsm42EqWl3F5_pY_kMIesL-aOp8uR202vUivCdZoC3s',
    '2024-01-18 20:27:50.542902',
    '2024-01-18 22:27:50.000000',
    1,
    '19972ef78f16496dbbeff55c1723aa14'
  ),
  (
    29,
    'eyJhbGciOiJIUzI1NiIsInR5cCI6IkpXVCJ9.eyJ0b2tlbl90eXBlIjoicmVmcmVzaCIsImV4cCI6MTcwNTYxNjkyMywiaWF0IjoxNzA1NjA5NzIzLCJqdGkiOiJlNWNjYmUwMjJlNWE0N2RhYTgwZTQ0YzhjODI1N2JmNiIsInVzZXJfaWQiOjF9.YIDIiryTxlYVjYwZ5RJHO0mVShxBnqrHiMXyrdSz3NY',
    '2024-01-18 20:28:43.824561',
    '2024-01-18 22:28:43.000000',
    1,
    'e5ccbe022e5a47daa80e44c8c8257bf6'
  ),
  (
    30,
    'eyJhbGciOiJIUzI1NiIsInR5cCI6IkpXVCJ9.eyJ0b2tlbl90eXBlIjoicmVmcmVzaCIsImV4cCI6MTcwNTYxNzkyOCwiaWF0IjoxNzA1NjEwNzI4LCJqdGkiOiIwNmRlMzJlMmNhNmU0YWYyYTI3ZmQ5ZjRjYzNiZmMxZiIsInVzZXJfaWQiOjF9.pEgcJkvod1_YNBXR1A9yE0cm4S5sO4if5e6D03AoOE0',
    '2024-01-18 20:45:28.254362',
    '2024-01-18 22:45:28.000000',
    1,
    '06de32e2ca6e4af2a27fd9f4cc3bfc1f'
  ),
  (
    31,
    'eyJhbGciOiJIUzI1NiIsInR5cCI6IkpXVCJ9.eyJ0b2tlbl90eXBlIjoicmVmcmVzaCIsImV4cCI6MTcwNTYxODAxOCwiaWF0IjoxNzA1NjEwODE4LCJqdGkiOiJkZDdjMDA2MDFlMWY0NzFhYTJkZDg4ZGVkMTlhYTAxNiIsInVzZXJfaWQiOjF9.efi5iFeDxLCn3ysAxpLIma42Z2S55aPOGKuALYaQHCc',
    '2024-01-18 20:46:58.979364',
    '2024-01-18 22:46:58.000000',
    1,
    'dd7c00601e1f471aa2dd88ded19aa016'
  ),
  (
    32,
    'eyJhbGciOiJIUzI1NiIsInR5cCI6IkpXVCJ9.eyJ0b2tlbl90eXBlIjoicmVmcmVzaCIsImV4cCI6MTcwNTYxODM3NSwiaWF0IjoxNzA1NjExMTc1LCJqdGkiOiI1Mzg2NTNhMjZhMTg0NTZkODY3YjQyODIwODA4MTczNSIsInVzZXJfaWQiOjI1fQ.rz925HXOYpmdZcPMCayUy1Ts-BZDbLVa-r06-aR5fNw',
    '2024-01-18 20:52:55.967288',
    '2024-01-18 22:52:55.000000',
    NULL,
    '538653a26a18456d867b428208081735'
  ),
  (
    33,
    'eyJhbGciOiJIUzI1NiIsInR5cCI6IkpXVCJ9.eyJ0b2tlbl90eXBlIjoicmVmcmVzaCIsImV4cCI6MTcwNTYxODQyNywiaWF0IjoxNzA1NjExMjI3LCJqdGkiOiI5YWJmNTMzZWNlM2I0NTAwOTRjMjMxMzg5OGJkMTMzZSIsInVzZXJfaWQiOjI1fQ.jn3No5UR0N3RHhuKMzk9dYzApoQ3iFvZ9AVLYU7_LCM',
    '2024-01-18 20:53:47.678065',
    '2024-01-18 22:53:47.000000',
    NULL,
    '9abf533ece3b450094c2313898bd133e'
  ),
  (
    34,
    'eyJhbGciOiJIUzI1NiIsInR5cCI6IkpXVCJ9.eyJ0b2tlbl90eXBlIjoicmVmcmVzaCIsImV4cCI6MTcwNTYxODQ4NSwiaWF0IjoxNzA1NjExMjg1LCJqdGkiOiIzZmJiMDY1NTBmNjg0ZGZmOWM1YTA2OGMzMTI2Nzk2MCIsInVzZXJfaWQiOjI1fQ.skId5jBR5WcFwZ-y7CQxdw98odpIcKeIm_nEvBiw98k',
    '2024-01-18 20:54:45.393754',
    '2024-01-18 22:54:45.000000',
    NULL,
    '3fbb06550f684dff9c5a068c31267960'
  ),
  (
    35,
    'eyJhbGciOiJIUzI1NiIsInR5cCI6IkpXVCJ9.eyJ0b2tlbl90eXBlIjoicmVmcmVzaCIsImV4cCI6MTcwNTYxODczMiwiaWF0IjoxNzA1NjExNTMyLCJqdGkiOiJkYjljNGExOTMzYzE0MzYwOTYwNzk2NDVlYjEzYmRkNCIsInVzZXJfaWQiOjF9.69ZzGGAZzFUQWMt1cSN16ZvkwUoUDdlAPeP0wvKgc7w',
    '2024-01-18 20:58:52.694939',
    '2024-01-18 22:58:52.000000',
    1,
    'db9c4a1933c1436096079645eb13bdd4'
  ),
  (
    36,
    'eyJhbGciOiJIUzI1NiIsInR5cCI6IkpXVCJ9.eyJ0b2tlbl90eXBlIjoicmVmcmVzaCIsImV4cCI6MTcwNTYxODk0MywiaWF0IjoxNzA1NjExNzQzLCJqdGkiOiI5MzJiNjdhODdjOTU0ZTJjYTE1MjQwNzFhYzhhNTZmNiIsInVzZXJfaWQiOjF9.XDA_Q6oa1IFn2-lSeMC6oaFs1COJzXea54NYAN6GNuo',
    '2024-01-18 21:02:23.408285',
    '2024-01-18 23:02:23.000000',
    1,
    '932b67a87c954e2ca1524071ac8a56f6'
  ),
  (
    37,
    'eyJhbGciOiJIUzI1NiIsInR5cCI6IkpXVCJ9.eyJ0b2tlbl90eXBlIjoicmVmcmVzaCIsImV4cCI6MTcwNTYxOTUzMCwiaWF0IjoxNzA1NjEyMzMwLCJqdGkiOiI4Y2M5ZWQ1NGE3MTQ0ZGY3OTFmYzgyYmY1YjM1YmE2YyIsInVzZXJfaWQiOjF9.D-EWZQK_hjDND_Y0kV2Ep0XUd6Xl7RVBRI66Epp1oZA',
    '2024-01-18 21:12:10.146743',
    '2024-01-18 23:12:10.000000',
    1,
    '8cc9ed54a7144df791fc82bf5b35ba6c'
  ),
  (
    38,
    'eyJhbGciOiJIUzI1NiIsInR5cCI6IkpXVCJ9.eyJ0b2tlbl90eXBlIjoicmVmcmVzaCIsImV4cCI6MTcwNTYyMDg4OSwiaWF0IjoxNzA1NjEzNjg5LCJqdGkiOiI5YWYwMjcxZGI1ZjE0YTU1YWY4YjhlMWExNWQxODViNiIsInVzZXJfaWQiOjI1fQ.NICtOkhNmoT0hQ9Ek7upIjba0k22jSk3fSYqZJ_t0gk',
    '2024-01-18 21:34:49.043935',
    '2024-01-18 23:34:49.000000',
    NULL,
    '9af0271db5f14a55af8b8e1a15d185b6'
  ),
  (
    39,
    'eyJhbGciOiJIUzI1NiIsInR5cCI6IkpXVCJ9.eyJ0b2tlbl90eXBlIjoicmVmcmVzaCIsImV4cCI6MTcwNTYyMDkxOSwiaWF0IjoxNzA1NjEzNzE5LCJqdGkiOiJjN2JiMDg5M2RmY2Y0ZjU5YTMyM2U5MTY0NmVjMjA2NSIsInVzZXJfaWQiOjI1fQ.d2wG_G_ryEgTL52RiYdJUAA-4ySUou0eGKVDpA9Xj-k',
    '2024-01-18 21:35:19.432988',
    '2024-01-18 23:35:19.000000',
    NULL,
    'c7bb0893dfcf4f59a323e91646ec2065'
  ),
  (
    40,
    'eyJhbGciOiJIUzI1NiIsInR5cCI6IkpXVCJ9.eyJ0b2tlbl90eXBlIjoicmVmcmVzaCIsImV4cCI6MTcwNTYyMTY5MiwiaWF0IjoxNzA1NjE0NDkyLCJqdGkiOiJkNGE3MDMzN2E0OWU0MDBhODA0NjVlMTE1MzFlMDY4YyIsInVzZXJfaWQiOjF9.9jTpDBC2i2BoH7uExCKWVgiwIPvKexyHcKBxZbQJgf0',
    '2024-01-18 21:48:12.997452',
    '2024-01-18 23:48:12.000000',
    1,
    'd4a70337a49e400a80465e11531e068c'
  ),
  (
    41,
    'eyJhbGciOiJIUzI1NiIsInR5cCI6IkpXVCJ9.eyJ0b2tlbl90eXBlIjoicmVmcmVzaCIsImV4cCI6MTcwNTYyMTgxMywiaWF0IjoxNzA1NjE0NjEzLCJqdGkiOiI4YzFmZWM2ZTFmY2E0MmUyOTY4OGFiNzJhNzg2ZTg3ZCIsInVzZXJfaWQiOjI1fQ.VzFbXKBwlxawIM6hOvRZmnXpuo7Qhxiuo_v0VCWTdVQ',
    '2024-01-18 21:50:13.387155',
    '2024-01-18 23:50:13.000000',
    NULL,
    '8c1fec6e1fca42e29688ab72a786e87d'
  ),
  (
    42,
    'eyJhbGciOiJIUzI1NiIsInR5cCI6IkpXVCJ9.eyJ0b2tlbl90eXBlIjoicmVmcmVzaCIsImV4cCI6MTcwNTYyMTgxNSwiaWF0IjoxNzA1NjE0NjE1LCJqdGkiOiJmN2Q3MzcwNjg4NmU0YTI0ODI0M2JhMWIyMDIzMmFlZSIsInVzZXJfaWQiOjI1fQ.HV05uKEZi_WstWReDdaZi_MSNWoaaVaDGr8Zy_JaQsU',
    '2024-01-18 21:50:15.204696',
    '2024-01-18 23:50:15.000000',
    NULL,
    'f7d73706886e4a248243ba1b20232aee'
  ),
  (
    43,
    'eyJhbGciOiJIUzI1NiIsInR5cCI6IkpXVCJ9.eyJ0b2tlbl90eXBlIjoicmVmcmVzaCIsImV4cCI6MTcwNTYyMTkxMSwiaWF0IjoxNzA1NjE0NzExLCJqdGkiOiJiYzRmMTYwMzk2ZTU0N2E4YTMyMWEzYWU1YTM3MmU3ZSIsInVzZXJfaWQiOjF9.bY6iCp3pH633hZ_bn9f8TLQSvMmY4pCh1AGKhLIwOK4',
    '2024-01-18 21:51:51.321550',
    '2024-01-18 23:51:51.000000',
    1,
    'bc4f160396e547a8a321a3ae5a372e7e'
  ),
  (
    44,
    'eyJhbGciOiJIUzI1NiIsInR5cCI6IkpXVCJ9.eyJ0b2tlbl90eXBlIjoicmVmcmVzaCIsImV4cCI6MTcwNTYyMTk4NiwiaWF0IjoxNzA1NjE0Nzg2LCJqdGkiOiJlMGQwNzI3YzEzOTk0MTE3OTllMTliNDc5YmFjNzcwYiIsInVzZXJfaWQiOjF9.AYTcXjvSZYzWigv_fY43IuhwobmZUrJTm94KpBvcjY0',
    '2024-01-18 21:53:06.165643',
    '2024-01-18 23:53:06.000000',
    1,
    'e0d0727c1399411799e19b479bac770b'
  ),
  (
    45,
    'eyJhbGciOiJIUzI1NiIsInR5cCI6IkpXVCJ9.eyJ0b2tlbl90eXBlIjoicmVmcmVzaCIsImV4cCI6MTcwNTYyMjU3MSwiaWF0IjoxNzA1NjE1MzcxLCJqdGkiOiI0ZmMyNDAxYzkxMTA0ZjkzOTkzMGVmNGY2OThlYmJmMyIsInVzZXJfaWQiOjI1fQ.Z6pXcUmtQybB--6yRjKEMnWvQam_1m3b967XkFWMOZM',
    '2024-01-18 22:02:51.477202',
    '2024-01-19 00:02:51.000000',
    NULL,
    '4fc2401c91104f939930ef4f698ebbf3'
  ),
  (
    46,
    'eyJhbGciOiJIUzI1NiIsInR5cCI6IkpXVCJ9.eyJ0b2tlbl90eXBlIjoicmVmcmVzaCIsImV4cCI6MTcwNTYyMjYwMCwiaWF0IjoxNzA1NjE1NDAwLCJqdGkiOiJlODNkMzA0ZGI4MTU0MjkzOThjZGNmMGQ1NGYyNWJiOSIsInVzZXJfaWQiOjI1fQ.QzVhcl7iWWM-1o9eTWn4fo_3ag31FzkAGdziuG--yOQ',
    '2024-01-18 22:03:20.020882',
    '2024-01-19 00:03:20.000000',
    NULL,
    'e83d304db815429398cdcf0d54f25bb9'
  ),
  (
    47,
    'eyJhbGciOiJIUzI1NiIsInR5cCI6IkpXVCJ9.eyJ0b2tlbl90eXBlIjoicmVmcmVzaCIsImV4cCI6MTcwNTYyMjcyNiwiaWF0IjoxNzA1NjE1NTI2LCJqdGkiOiJjMTcyM2QyMGQzOGM0Y2ZjYWQ2ZWNhMTNlMzc5MTM3YiIsInVzZXJfaWQiOjF9.zlCDJgACE0evw869qmmP4K046z9GpTWCAPABAQ54cTc',
    '2024-01-18 22:05:26.432618',
    '2024-01-19 00:05:26.000000',
    1,
    'c1723d20d38c4cfcad6eca13e379137b'
  ),
  (
    48,
    'eyJhbGciOiJIUzI1NiIsInR5cCI6IkpXVCJ9.eyJ0b2tlbl90eXBlIjoicmVmcmVzaCIsImV4cCI6MTcwNTY2MDU1MCwiaWF0IjoxNzA1NjUzMzUwLCJqdGkiOiJhYThiNmY1OTUwZjE0NmMxODJlZGZhNGQzZjAxN2U1ZSIsInVzZXJfaWQiOjF9.Nk9WMT-smBsr_byEq3LrxKtWUM1aipO6lXKLVS72IO4',
    '2024-01-19 08:35:50.619005',
    '2024-01-19 10:35:50.000000',
    1,
    'aa8b6f5950f146c182edfa4d3f017e5e'
  ),
  (
    49,
    'eyJhbGciOiJIUzI1NiIsInR5cCI6IkpXVCJ9.eyJ0b2tlbl90eXBlIjoicmVmcmVzaCIsImV4cCI6MTcwNTY2MTYzNSwiaWF0IjoxNzA1NjU0NDM1LCJqdGkiOiI0NzAyMTdmMDAzM2Y0YzI4YWU5YThlMmU1M2NlNGJjNyIsInVzZXJfaWQiOjI1fQ.mkzkWsjuxpifs43m9_JgY7zP8NnkPF3WEtXXHKDPqdI',
    '2024-01-19 08:53:55.441157',
    '2024-01-19 10:53:55.000000',
    NULL,
    '470217f0033f4c28ae9a8e2e53ce4bc7'
  ),
  (
    50,
    'eyJhbGciOiJIUzI1NiIsInR5cCI6IkpXVCJ9.eyJ0b2tlbl90eXBlIjoicmVmcmVzaCIsImV4cCI6MTcwNTY2MTYzOSwiaWF0IjoxNzA1NjU0NDM5LCJqdGkiOiI1OTVjYWM3NjljN2Q0NzFlOTE0MmRiZWE2MDBkMTIzOSIsInVzZXJfaWQiOjI1fQ.RlZLcMIiIw8Pzn8rijprsX4iTigo4FP-_9WrPwh6Vao',
    '2024-01-19 08:53:59.350182',
    '2024-01-19 10:53:59.000000',
    NULL,
    '595cac769c7d471e9142dbea600d1239'
  ),
  (
    51,
    'eyJhbGciOiJIUzI1NiIsInR5cCI6IkpXVCJ9.eyJ0b2tlbl90eXBlIjoicmVmcmVzaCIsImV4cCI6MTcwNTY2MjMwMCwiaWF0IjoxNzA1NjU1MTAwLCJqdGkiOiJjOGY2ZWRmM2ViOTg0ZDcyODlhNDEzNzczNjBhZDg5ZiIsInVzZXJfaWQiOjF9.LrMim-QNsJIyaUghBPA1UM6s0QC3h0wBKDuY9cyt2sQ',
    '2024-01-19 09:05:00.718281',
    '2024-01-19 11:05:00.000000',
    1,
    'c8f6edf3eb984d7289a41377360ad89f'
  ),
  (
    52,
    'eyJhbGciOiJIUzI1NiIsInR5cCI6IkpXVCJ9.eyJ0b2tlbl90eXBlIjoicmVmcmVzaCIsImV4cCI6MTcwNTY2MjUxMiwiaWF0IjoxNzA1NjU1MzEyLCJqdGkiOiIyYjhlOGZkMTFiNTM0ZTJhYTQ2YzUyOWJiZGI0NzMzMyIsInVzZXJfaWQiOjI1fQ.-v0TLqYLpsI5nzkRk9u_rE_s2mCg3JdXW4cSYf0KIs8',
    '2024-01-19 09:08:32.479067',
    '2024-01-19 11:08:32.000000',
    NULL,
    '2b8e8fd11b534e2aa46c529bbdb47333'
  ),
  (
    53,
    'eyJhbGciOiJIUzI1NiIsInR5cCI6IkpXVCJ9.eyJ0b2tlbl90eXBlIjoicmVmcmVzaCIsImV4cCI6MTcwNTY2MzA2MiwiaWF0IjoxNzA1NjU1ODYyLCJqdGkiOiI2YTc4MjhlNjM2NzY0MGExOTc0YzZlYjBjODlmNDQ3OCIsInVzZXJfaWQiOjF9.HarT5uBEyo8HnZLBNLrK8Uf8-kala-BmJyBAOGhS5OY',
    '2024-01-19 09:17:42.437916',
    '2024-01-19 11:17:42.000000',
    1,
    '6a7828e6367640a1974c6eb0c89f4478'
  ),
  (
    54,
    'eyJhbGciOiJIUzI1NiIsInR5cCI6IkpXVCJ9.eyJ0b2tlbl90eXBlIjoicmVmcmVzaCIsImV4cCI6MTcwNTY2MzA2OCwiaWF0IjoxNzA1NjU1ODY4LCJqdGkiOiIzMzNjMzNkMzVmZDk0MzFhYWZhNDgyZjQ0Y2Y2NWQzMSIsInVzZXJfaWQiOjF9.ifChXfpYExIGOVqYZ_PnX4ZyjBZmLRtOgKYQjFIeqgs',
    '2024-01-19 09:17:48.760087',
    '2024-01-19 11:17:48.000000',
    1,
    '333c33d35fd9431aafa482f44cf65d31'
  ),
  (
    55,
    'eyJhbGciOiJIUzI1NiIsInR5cCI6IkpXVCJ9.eyJ0b2tlbl90eXBlIjoicmVmcmVzaCIsImV4cCI6MTcwNTY2MzA4MCwiaWF0IjoxNzA1NjU1ODgwLCJqdGkiOiJhNmJiNDU2ZWRkZmM0YWQ1ODIzMWY5YTZhY2Q5MjAwMiIsInVzZXJfaWQiOjF9.6fUed7Chj1ZKCl31X0NSSrYjPB_49W5w7RBEBknnvxQ',
    '2024-01-19 09:18:00.369330',
    '2024-01-19 11:18:00.000000',
    1,
    'a6bb456eddfc4ad58231f9a6acd92002'
  ),
  (
    56,
    'eyJhbGciOiJIUzI1NiIsInR5cCI6IkpXVCJ9.eyJ0b2tlbl90eXBlIjoicmVmcmVzaCIsImV4cCI6MTcwNTY2MzE0NCwiaWF0IjoxNzA1NjU1OTQ0LCJqdGkiOiJiMmRkM2UyNGQ0MGM0ZjYzOTFiN2NhMjQ3MzQ1ZjFmYyIsInVzZXJfaWQiOjF9.BROamYKtnPJbzqFvHcnSlOqbNLuU7OaM-grwopeQARw',
    '2024-01-19 09:19:04.939930',
    '2024-01-19 11:19:04.000000',
    1,
    'b2dd3e24d40c4f6391b7ca247345f1fc'
  ),
  (
    57,
    'eyJhbGciOiJIUzI1NiIsInR5cCI6IkpXVCJ9.eyJ0b2tlbl90eXBlIjoicmVmcmVzaCIsImV4cCI6MTcwNTY2MzUxMiwiaWF0IjoxNzA1NjU2MzEyLCJqdGkiOiI4Zjc0Njk0ODA5YzQ0MmRkYmFlNDE0ZjJkYmZiM2MyMCIsInVzZXJfaWQiOjF9.cDl0B6LSg5WgfqST6HV5YVKu9z0UYF3sFfWPfH3X2Mg',
    '2024-01-19 09:25:12.396434',
    '2024-01-19 11:25:12.000000',
    1,
    '8f74694809c442ddbae414f2dbfb3c20'
  ),
  (
    58,
    'eyJhbGciOiJIUzI1NiIsInR5cCI6IkpXVCJ9.eyJ0b2tlbl90eXBlIjoicmVmcmVzaCIsImV4cCI6MTcwNTY2MzkwNSwiaWF0IjoxNzA1NjU2NzA1LCJqdGkiOiJmNGM3MDNiZWM5ZTA0MDhlYWI2YjM3MjEzMGNlMTQwNCIsInVzZXJfaWQiOjF9.O4BqmQQ8HKhZ_AF8krFlFba0QnoM0A7BBVsXcSybFbU',
    '2024-01-19 09:31:45.657141',
    '2024-01-19 11:31:45.000000',
    1,
    'f4c703bec9e0408eab6b372130ce1404'
  ),
  (
    59,
    'eyJhbGciOiJIUzI1NiIsInR5cCI6IkpXVCJ9.eyJ0b2tlbl90eXBlIjoicmVmcmVzaCIsImV4cCI6MTcwNTY2Mzk4NCwiaWF0IjoxNzA1NjU2Nzg0LCJqdGkiOiI3MDMwMDc2MmRkODY0YTU1OWI0MDkwMTUzNTAxZDljZiIsInVzZXJfaWQiOjF9.OUs42NJ4a0vTpQrGnpECXYAKHlVAY1CvyBVpCmeR7eE',
    '2024-01-19 09:33:04.105767',
    '2024-01-19 11:33:04.000000',
    1,
    '70300762dd864a559b4090153501d9cf'
  ),
  (
    60,
    'eyJhbGciOiJIUzI1NiIsInR5cCI6IkpXVCJ9.eyJ0b2tlbl90eXBlIjoicmVmcmVzaCIsImV4cCI6MTcwNTY2NDAzMCwiaWF0IjoxNzA1NjU2ODMwLCJqdGkiOiI0YmFhY2QwYTQwOWU0MWM5YjkwOGJlMmJhNDczYjc0NiIsInVzZXJfaWQiOjF9._6Z24BEpSpeml_J8Y-9YbhlHj27RyfL8KfmSdQnm38s',
    '2024-01-19 09:33:50.981160',
    '2024-01-19 11:33:50.000000',
    1,
    '4baacd0a409e41c9b908be2ba473b746'
  ),
  (
    61,
    'eyJhbGciOiJIUzI1NiIsInR5cCI6IkpXVCJ9.eyJ0b2tlbl90eXBlIjoicmVmcmVzaCIsImV4cCI6MTcwNTY2NDA1NSwiaWF0IjoxNzA1NjU2ODU1LCJqdGkiOiI3MWFlZDFmNmQ1MzU0NGViYTE2MDQwZTA5NzgyNTgyMCIsInVzZXJfaWQiOjF9.qkhF6d034_B0wLBcvdkRU4om-mQhSfKf39OKr59FLDA',
    '2024-01-19 09:34:15.255714',
    '2024-01-19 11:34:15.000000',
    1,
    '71aed1f6d53544eba16040e097825820'
  ),
  (
    62,
    'eyJhbGciOiJIUzI1NiIsInR5cCI6IkpXVCJ9.eyJ0b2tlbl90eXBlIjoicmVmcmVzaCIsImV4cCI6MTcwNTY2NDA2OCwiaWF0IjoxNzA1NjU2ODY4LCJqdGkiOiJiZjA4MDI3YWIyYzM0YTg2YjBhZDZlZjEzZTEyNWMzOSIsInVzZXJfaWQiOjF9.nqPvp9OOOMDnq8JwFWBoyEKFbH18ewekLTRWBWJcOpc',
    '2024-01-19 09:34:28.571639',
    '2024-01-19 11:34:28.000000',
    1,
    'bf08027ab2c34a86b0ad6ef13e125c39'
  ),
  (
    63,
    'eyJhbGciOiJIUzI1NiIsInR5cCI6IkpXVCJ9.eyJ0b2tlbl90eXBlIjoicmVmcmVzaCIsImV4cCI6MTcwNTY2NDA5MCwiaWF0IjoxNzA1NjU2ODkwLCJqdGkiOiJmZmJkMzM4YjBmZmQ0OTBhYWE4MDIzNWZjNGJlZmU0MiIsInVzZXJfaWQiOjF9.Uvsdbm8zImm9SNdCr6Jpg18xM9cSae-tbNAiiUkGqX4',
    '2024-01-19 09:34:50.208794',
    '2024-01-19 11:34:50.000000',
    1,
    'ffbd338b0ffd490aaa80235fc4befe42'
  ),
  (
    64,
    'eyJhbGciOiJIUzI1NiIsInR5cCI6IkpXVCJ9.eyJ0b2tlbl90eXBlIjoicmVmcmVzaCIsImV4cCI6MTcwNTY2NDIxMiwiaWF0IjoxNzA1NjU3MDEyLCJqdGkiOiIyMDgzODBjY2IxMzA0MDQwYWI5NmNkNWFhZjI4ODRiZCIsInVzZXJfaWQiOjF9.JciZwERyRnxd6l3ZzQFQbg2U_AV7DL6DPig7hk124R0',
    '2024-01-19 09:36:52.586794',
    '2024-01-19 11:36:52.000000',
    1,
    '208380ccb1304040ab96cd5aaf2884bd'
  ),
  (
    65,
    'eyJhbGciOiJIUzI1NiIsInR5cCI6IkpXVCJ9.eyJ0b2tlbl90eXBlIjoicmVmcmVzaCIsImV4cCI6MTcwNTY2NDI0NywiaWF0IjoxNzA1NjU3MDQ3LCJqdGkiOiJkYzI0MDgyNTg0Njg0ZDg3YmZhNmVmMjlkY2ZiYWFiMiIsInVzZXJfaWQiOjF9.dN_KiFhIXwUJdseZBFyjn92iOEIgNNhpMhSB_IiqQQc',
    '2024-01-19 09:37:27.761166',
    '2024-01-19 11:37:27.000000',
    1,
    'dc24082584684d87bfa6ef29dcfbaab2'
  ),
  (
    66,
    'eyJhbGciOiJIUzI1NiIsInR5cCI6IkpXVCJ9.eyJ0b2tlbl90eXBlIjoicmVmcmVzaCIsImV4cCI6MTcwNTY2NDI3NCwiaWF0IjoxNzA1NjU3MDc0LCJqdGkiOiI0ZGI3ZTM5MjcwY2Y0ODM2YTUyZWYxM2MzNzU1ZDJlYSIsInVzZXJfaWQiOjF9.FdbQrjBK8N_uLId_B40FT7UWAcVm17RWkLSBWeT1Ot0',
    '2024-01-19 09:37:54.329957',
    '2024-01-19 11:37:54.000000',
    1,
    '4db7e39270cf4836a52ef13c3755d2ea'
  ),
  (
    67,
    'eyJhbGciOiJIUzI1NiIsInR5cCI6IkpXVCJ9.eyJ0b2tlbl90eXBlIjoicmVmcmVzaCIsImV4cCI6MTcwNTY2NDYyNywiaWF0IjoxNzA1NjU3NDI3LCJqdGkiOiJhZDQ3MmQxYTVhNDg0MTM4OTk5NjZiNWE4ZjQ1NDQ0YiIsInVzZXJfaWQiOjF9.LTtoG7IDrFue_Gd5CAjRfZ0M2Y2qG0bABffMb25CCzE',
    '2024-01-19 09:43:47.550725',
    '2024-01-19 11:43:47.000000',
    1,
    'ad472d1a5a48413899966b5a8f45444b'
  ),
  (
    68,
    'eyJhbGciOiJIUzI1NiIsInR5cCI6IkpXVCJ9.eyJ0b2tlbl90eXBlIjoicmVmcmVzaCIsImV4cCI6MTcwNTY2NDY0MywiaWF0IjoxNzA1NjU3NDQzLCJqdGkiOiJjZDk3NzBkM2IxMDA0MWRmOTZhNzBjNmEzNjE2NTEzMCIsInVzZXJfaWQiOjF9.teoGOv25yZdDnfGl2T6hPJValcM8Ax9AdJ23lWg-P9Q',
    '2024-01-19 09:44:03.379451',
    '2024-01-19 11:44:03.000000',
    1,
    'cd9770d3b10041df96a70c6a36165130'
  ),
  (
    69,
    'eyJhbGciOiJIUzI1NiIsInR5cCI6IkpXVCJ9.eyJ0b2tlbl90eXBlIjoicmVmcmVzaCIsImV4cCI6MTcwNTY2NDY3NiwiaWF0IjoxNzA1NjU3NDc2LCJqdGkiOiJiYmMwMzIxMGIyMWE0ODBhOWE3M2Q0ZDU4ZmZlMWY5YSIsInVzZXJfaWQiOjF9.pdJRL2bQUzAM1LJQk2KZCcTL6l9deRkVobFX_mnz79E',
    '2024-01-19 09:44:36.857523',
    '2024-01-19 11:44:36.000000',
    1,
    'bbc03210b21a480a9a73d4d58ffe1f9a'
  ),
  (
    70,
    'eyJhbGciOiJIUzI1NiIsInR5cCI6IkpXVCJ9.eyJ0b2tlbl90eXBlIjoicmVmcmVzaCIsImV4cCI6MTcwNTY2NDgyNCwiaWF0IjoxNzA1NjU3NjI0LCJqdGkiOiJhOWMzZGE5YTYzMjk0YzQ1YmQ3NTc3ODE0ZGM0ZmVhNCIsInVzZXJfaWQiOjF9.Eq3RcqJK7McS6RG2dy9iEIYebcPolOVITg7KuPBaOl8',
    '2024-01-19 09:47:04.458172',
    '2024-01-19 11:47:04.000000',
    1,
    'a9c3da9a63294c45bd7577814dc4fea4'
  ),
  (
    71,
    'eyJhbGciOiJIUzI1NiIsInR5cCI6IkpXVCJ9.eyJ0b2tlbl90eXBlIjoicmVmcmVzaCIsImV4cCI6MTcwNTY2NDkzNiwiaWF0IjoxNzA1NjU3NzM2LCJqdGkiOiIzZTExZmJmZTQ1MzA0NzQwYmJiZWU5MzQyMmY4M2I5MyIsInVzZXJfaWQiOjF9.MJsAbxp6U3koXREVbaW0OyiU1dDAOtjbKItO3YfMU1o',
    '2024-01-19 09:48:56.736691',
    '2024-01-19 11:48:56.000000',
    1,
    '3e11fbfe45304740bbbee93422f83b93'
  ),
  (
    72,
    'eyJhbGciOiJIUzI1NiIsInR5cCI6IkpXVCJ9.eyJ0b2tlbl90eXBlIjoicmVmcmVzaCIsImV4cCI6MTcwNTY2NTE4NCwiaWF0IjoxNzA1NjU3OTg0LCJqdGkiOiI2MWI5YzZlNmFkOTk0YzAyYWQ5NTZmMzYxYmQ2ZmJmNCIsInVzZXJfaWQiOjF9.HkxbPV3vv-x3UiOsvc9cnaJcjW1U-h893YBNYM40LSA',
    '2024-01-19 09:53:04.415944',
    '2024-01-19 11:53:04.000000',
    1,
    '61b9c6e6ad994c02ad956f361bd6fbf4'
  ),
  (
    73,
    'eyJhbGciOiJIUzI1NiIsInR5cCI6IkpXVCJ9.eyJ0b2tlbl90eXBlIjoicmVmcmVzaCIsImV4cCI6MTcwNTY2NTIxOSwiaWF0IjoxNzA1NjU4MDE5LCJqdGkiOiIxMDM5MjJmNjYwNDc0NWFiYmUwYTVlN2Y0ODZhZTI2MiIsInVzZXJfaWQiOjF9.yr2V1uu7BLOQjS60aZ8FuOSx8SvTEeuBlP4-T0rIAb0',
    '2024-01-19 09:53:39.749795',
    '2024-01-19 11:53:39.000000',
    1,
    '103922f6604745abbe0a5e7f486ae262'
  ),
  (
    74,
    'eyJhbGciOiJIUzI1NiIsInR5cCI6IkpXVCJ9.eyJ0b2tlbl90eXBlIjoicmVmcmVzaCIsImV4cCI6MTcwNTY2NTI0MiwiaWF0IjoxNzA1NjU4MDQyLCJqdGkiOiI5NDU4MDhiMDAwNmY0YTE0YjAzM2ZmNzM4OGM3MGE0ZCIsInVzZXJfaWQiOjF9.JZu6Fxexwrj2D3bTbyEk3iJ9ZAD75SsLnLS6M33zoXs',
    '2024-01-19 09:54:02.674770',
    '2024-01-19 11:54:02.000000',
    1,
    '945808b0006f4a14b033ff7388c70a4d'
  ),
  (
    75,
    'eyJhbGciOiJIUzI1NiIsInR5cCI6IkpXVCJ9.eyJ0b2tlbl90eXBlIjoicmVmcmVzaCIsImV4cCI6MTcwNTY2NTMyMywiaWF0IjoxNzA1NjU4MTIzLCJqdGkiOiIyMjljNzZkNWFlNDA0ZjEwODQ2ODBiMmQ2OTU5MDkzMSIsInVzZXJfaWQiOjF9.3GmJtJLajx-dgdEEsPAjf5ZNUOcB2yKmwCCW4Ki4Zj0',
    '2024-01-19 09:55:23.756535',
    '2024-01-19 11:55:23.000000',
    1,
    '229c76d5ae404f1084680b2d69590931'
  ),
  (
    76,
    'eyJhbGciOiJIUzI1NiIsInR5cCI6IkpXVCJ9.eyJ0b2tlbl90eXBlIjoicmVmcmVzaCIsImV4cCI6MTcwNTY2NTM4MSwiaWF0IjoxNzA1NjU4MTgxLCJqdGkiOiJlYTcxNTVjYmY1NjU0Y2Q0YTg4NGFiNTA5MDUzZWQxMiIsInVzZXJfaWQiOjF9.FiIu6nPaWCLLB5wLlxtZHYoxjqqyKBXyua0d4NGnV8I',
    '2024-01-19 09:56:21.251872',
    '2024-01-19 11:56:21.000000',
    1,
    'ea7155cbf5654cd4a884ab509053ed12'
  ),
  (
    77,
    'eyJhbGciOiJIUzI1NiIsInR5cCI6IkpXVCJ9.eyJ0b2tlbl90eXBlIjoicmVmcmVzaCIsImV4cCI6MTcwNTY2NTQ0NSwiaWF0IjoxNzA1NjU4MjQ1LCJqdGkiOiJjM2QzMGY1NTdkNzU0NDc2YjdhZGQwYzA1NDM4OTlhNSIsInVzZXJfaWQiOjF9.HBozoSf0aq5SRxwoVH05LFVg7aMTWRrgv_bIaBmQk4k',
    '2024-01-19 09:57:25.881468',
    '2024-01-19 11:57:25.000000',
    1,
    'c3d30f557d754476b7add0c0543899a5'
  ),
  (
    78,
    'eyJhbGciOiJIUzI1NiIsInR5cCI6IkpXVCJ9.eyJ0b2tlbl90eXBlIjoicmVmcmVzaCIsImV4cCI6MTcwNTY2NTQ2NSwiaWF0IjoxNzA1NjU4MjY1LCJqdGkiOiJkM2QxYzc4ODkxNzY0MjhhYmI0OGVhMDRhYTAwYWQ2NSIsInVzZXJfaWQiOjF9.b8yFhZrvbPkSJbjqF7QwJt6S17IaYXONZYDCLNXlDss',
    '2024-01-19 09:57:45.282512',
    '2024-01-19 11:57:45.000000',
    1,
    'd3d1c7889176428abb48ea04aa00ad65'
  ),
  (
    79,
    'eyJhbGciOiJIUzI1NiIsInR5cCI6IkpXVCJ9.eyJ0b2tlbl90eXBlIjoicmVmcmVzaCIsImV4cCI6MTcwNTY2NTUyMCwiaWF0IjoxNzA1NjU4MzIwLCJqdGkiOiJkN2U4NDQ4MTU3ODQ0OTU2ODI3ZjU4ZGIzYTg3OWJkMyIsInVzZXJfaWQiOjF9.CCIzCpZ0DIMLi2US3xlM4TLW02uUWUd319GZhqWDxpo',
    '2024-01-19 09:58:40.065690',
    '2024-01-19 11:58:40.000000',
    1,
    'd7e8448157844956827f58db3a879bd3'
  ),
  (
    80,
    'eyJhbGciOiJIUzI1NiIsInR5cCI6IkpXVCJ9.eyJ0b2tlbl90eXBlIjoicmVmcmVzaCIsImV4cCI6MTcwNTY2NTc3NSwiaWF0IjoxNzA1NjU4NTc1LCJqdGkiOiI2YzIwNmMzMjM0NmM0OTI3YjdkMjQxNzZjOWE5ZGQ5MiIsInVzZXJfaWQiOjF9.YG72SaAWbfb5fD4kyjv-6Hx77hOGNEL-GjXlwEmZdTs',
    '2024-01-19 10:02:55.759992',
    '2024-01-19 12:02:55.000000',
    1,
    '6c206c32346c4927b7d24176c9a9dd92'
  ),
  (
    81,
    'eyJhbGciOiJIUzI1NiIsInR5cCI6IkpXVCJ9.eyJ0b2tlbl90eXBlIjoicmVmcmVzaCIsImV4cCI6MTcwNTY2NTgwNywiaWF0IjoxNzA1NjU4NjA3LCJqdGkiOiI1MmZhOTVkMmJlMTY0OWM5YmQyMzVjZjg5ZDczMTI4MCIsInVzZXJfaWQiOjF9.L_IlXGyAAZQBJBzOWhh6r_j1YvfAygpX5kuJKDmG8xo',
    '2024-01-19 10:03:27.822457',
    '2024-01-19 12:03:27.000000',
    1,
    '52fa95d2be1649c9bd235cf89d731280'
  ),
  (
    82,
    'eyJhbGciOiJIUzI1NiIsInR5cCI6IkpXVCJ9.eyJ0b2tlbl90eXBlIjoicmVmcmVzaCIsImV4cCI6MTcwNTY2NTk3NCwiaWF0IjoxNzA1NjU4Nzc0LCJqdGkiOiIxZjg5NGYxNjQ0MDk0NDEwODJjMTIzYTllOTUxMWUyOCIsInVzZXJfaWQiOjF9.YRYSyzqxROAT6PM9d8D-lx_yoDptckmeRIF9fvtoA_M',
    '2024-01-19 10:06:14.461504',
    '2024-01-19 12:06:14.000000',
    1,
    '1f894f164409441082c123a9e9511e28'
  ),
  (
    83,
    'eyJhbGciOiJIUzI1NiIsInR5cCI6IkpXVCJ9.eyJ0b2tlbl90eXBlIjoicmVmcmVzaCIsImV4cCI6MTcwNTY2NjA0NiwiaWF0IjoxNzA1NjU4ODQ2LCJqdGkiOiIxNWNmOWNiNTQyNjU0MGY4OTY0ZjNkN2Q1NDQ2ZmZhYyIsInVzZXJfaWQiOjF9.rdmrYoK5m3FfC22m6He1lZbeSGyGq-usfgW0Z5sixHU',
    '2024-01-19 10:07:26.291817',
    '2024-01-19 12:07:26.000000',
    1,
    '15cf9cb5426540f8964f3d7d5446ffac'
  ),
  (
    84,
    'eyJhbGciOiJIUzI1NiIsInR5cCI6IkpXVCJ9.eyJ0b2tlbl90eXBlIjoicmVmcmVzaCIsImV4cCI6MTcwNTY2NjIzNSwiaWF0IjoxNzA1NjU5MDM1LCJqdGkiOiI0OGMwMjU5YmE4NTQ0NWI5OTVmZDNlNGE0N2NjOTcyOSIsInVzZXJfaWQiOjF9.1xwTESWLgCITdw0xcxST7GmjkN4aEfpBg56-Lt52FV0',
    '2024-01-19 10:10:35.279749',
    '2024-01-19 12:10:35.000000',
    1,
    '48c0259ba85445b995fd3e4a47cc9729'
  ),
  (
    85,
    'eyJhbGciOiJIUzI1NiIsInR5cCI6IkpXVCJ9.eyJ0b2tlbl90eXBlIjoicmVmcmVzaCIsImV4cCI6MTcwNTY2NjMwMCwiaWF0IjoxNzA1NjU5MTAwLCJqdGkiOiIzY2Y4NWUzNDdlZmQ0MWI1ODlhZDMwMzU2ZGZmZmI0ZSIsInVzZXJfaWQiOjF9.cteKbAo4SJeIXiYDx5aLVdvPWBjAHdB538KCPBO2l4g',
    '2024-01-19 10:11:40.953674',
    '2024-01-19 12:11:40.000000',
    1,
    '3cf85e347efd41b589ad30356dfffb4e'
  ),
  (
    86,
    'eyJhbGciOiJIUzI1NiIsInR5cCI6IkpXVCJ9.eyJ0b2tlbl90eXBlIjoicmVmcmVzaCIsImV4cCI6MTcwNTY2NjQ2MywiaWF0IjoxNzA1NjU5MjYzLCJqdGkiOiI4MjJjMzVlZGI3Yzk0Y2MzYThkZjA3NGEwODU1MzY1MyIsInVzZXJfaWQiOjF9.lVStir3mcM5ydAxnHFZ8YQCEWbMlK69QKPVFcehL3-8',
    '2024-01-19 10:14:23.526820',
    '2024-01-19 12:14:23.000000',
    1,
    '822c35edb7c94cc3a8df074a08553653'
  ),
  (
    87,
    'eyJhbGciOiJIUzI1NiIsInR5cCI6IkpXVCJ9.eyJ0b2tlbl90eXBlIjoicmVmcmVzaCIsImV4cCI6MTcwNTY2NjQ5NSwiaWF0IjoxNzA1NjU5Mjk1LCJqdGkiOiI1MTUxZGEyMzkxZWM0MTA5YmNiZTgzMDNkOWFiNDU4NyIsInVzZXJfaWQiOjF9.sYkSHC2OngTisER7_2KbgW4cLV7p-WHiH6T4Fnj-4lc',
    '2024-01-19 10:14:55.714824',
    '2024-01-19 12:14:55.000000',
    1,
    '5151da2391ec4109bcbe8303d9ab4587'
  ),
  (
    88,
    'eyJhbGciOiJIUzI1NiIsInR5cCI6IkpXVCJ9.eyJ0b2tlbl90eXBlIjoicmVmcmVzaCIsImV4cCI6MTcwNTY2NjUzNiwiaWF0IjoxNzA1NjU5MzM2LCJqdGkiOiJiNGJjNTM2NTY0MmU0NzRkYTY2NmUxM2EyNWRkMjJiZSIsInVzZXJfaWQiOjF9.j8q89M6XgHvDDr2lyv-T4LE6S-levDecC509eW8lzvM',
    '2024-01-19 10:15:36.207487',
    '2024-01-19 12:15:36.000000',
    1,
    'b4bc5365642e474da666e13a25dd22be'
  ),
  (
    89,
    'eyJhbGciOiJIUzI1NiIsInR5cCI6IkpXVCJ9.eyJ0b2tlbl90eXBlIjoicmVmcmVzaCIsImV4cCI6MTcwNTY2NjY0MiwiaWF0IjoxNzA1NjU5NDQyLCJqdGkiOiIxNTIwODExYjBlMGE0ZmM4YjQ2NGI4MDBlYjQ4NjZlMCIsInVzZXJfaWQiOjF9.R5dqYpG-rA4SUANoNP_B1wPversLs0YVKEn0wq_DjQc',
    '2024-01-19 10:17:22.864343',
    '2024-01-19 12:17:22.000000',
    1,
    '1520811b0e0a4fc8b464b800eb4866e0'
  ),
  (
    90,
    'eyJhbGciOiJIUzI1NiIsInR5cCI6IkpXVCJ9.eyJ0b2tlbl90eXBlIjoicmVmcmVzaCIsImV4cCI6MTcwNTY2NjcxOCwiaWF0IjoxNzA1NjU5NTE4LCJqdGkiOiJiZjc0N2U0ZWRjNDk0MDMzYTJlMTg2Y2U1OTY4MGVjNCIsInVzZXJfaWQiOjF9.9Ndw7-RTXCrPRiwxkYWlB4tqif_s4fHeSG83d8yI3e0',
    '2024-01-19 10:18:38.878641',
    '2024-01-19 12:18:38.000000',
    1,
    'bf747e4edc494033a2e186ce59680ec4'
  ),
  (
    91,
    'eyJhbGciOiJIUzI1NiIsInR5cCI6IkpXVCJ9.eyJ0b2tlbl90eXBlIjoicmVmcmVzaCIsImV4cCI6MTcwNTY2Njc0NywiaWF0IjoxNzA1NjU5NTQ3LCJqdGkiOiJkOWI2MTBjMTBkMjg0NDY3YjQ2YWUyZGFjY2NhNmY0MiIsInVzZXJfaWQiOjF9.YAgj2hkxVOnxH-xMnzIDZ3IcQN0F6KgAQPeX4CALY70',
    '2024-01-19 10:19:07.019494',
    '2024-01-19 12:19:07.000000',
    1,
    'd9b610c10d284467b46ae2daccca6f42'
  ),
  (
    92,
    'eyJhbGciOiJIUzI1NiIsInR5cCI6IkpXVCJ9.eyJ0b2tlbl90eXBlIjoicmVmcmVzaCIsImV4cCI6MTcwNTY2Njc4NiwiaWF0IjoxNzA1NjU5NTg2LCJqdGkiOiJkMWVhZWFhMzc2NDU0Mzk4OWMyN2JjYWI3MTM5OGFlZCIsInVzZXJfaWQiOjF9._wdcLmTpFhs-r5a4YMf1z9Re0is9c-38eHBfT6oTEZY',
    '2024-01-19 10:19:46.145865',
    '2024-01-19 12:19:46.000000',
    1,
    'd1eaeaa3764543989c27bcab71398aed'
  ),
  (
    93,
    'eyJhbGciOiJIUzI1NiIsInR5cCI6IkpXVCJ9.eyJ0b2tlbl90eXBlIjoicmVmcmVzaCIsImV4cCI6MTcwNTY2NjgyMSwiaWF0IjoxNzA1NjU5NjIxLCJqdGkiOiJmOGFkZjQxN2E0NTI0N2NiYjYzMWViNWU1ZTBkMjUxNyIsInVzZXJfaWQiOjF9.khEoHxqRJ1tp1pR6rLdmp_IN8CAw0KlK91LlXNWQ7_k',
    '2024-01-19 10:20:21.465212',
    '2024-01-19 12:20:21.000000',
    1,
    'f8adf417a45247cbb631eb5e5e0d2517'
  ),
  (
    94,
    'eyJhbGciOiJIUzI1NiIsInR5cCI6IkpXVCJ9.eyJ0b2tlbl90eXBlIjoicmVmcmVzaCIsImV4cCI6MTcwNTY2Njg3OCwiaWF0IjoxNzA1NjU5Njc4LCJqdGkiOiIzZDEyZTNjM2JhZTQ0ZmI2OTYzZWQ0NzgxY2QxZDllMCIsInVzZXJfaWQiOjF9.a3KM-ed4uIi6vxxeO1U8PNp6POl2wX4k5n9mrjSo2uQ',
    '2024-01-19 10:21:18.286440',
    '2024-01-19 12:21:18.000000',
    1,
    '3d12e3c3bae44fb6963ed4781cd1d9e0'
  ),
  (
    95,
    'eyJhbGciOiJIUzI1NiIsInR5cCI6IkpXVCJ9.eyJ0b2tlbl90eXBlIjoicmVmcmVzaCIsImV4cCI6MTcwNTY2NjkxNiwiaWF0IjoxNzA1NjU5NzE2LCJqdGkiOiI1MmFjYWVmZjM3Mzg0YjMzYTE0NDI0YTliYTdiY2Q5MiIsInVzZXJfaWQiOjF9.NOAs8_WnmhYH0KQK-bMk7tuaCw6S31wxiGFovgvl84o',
    '2024-01-19 10:21:56.748841',
    '2024-01-19 12:21:56.000000',
    1,
    '52acaeff37384b33a14424a9ba7bcd92'
  ),
  (
    96,
    'eyJhbGciOiJIUzI1NiIsInR5cCI6IkpXVCJ9.eyJ0b2tlbl90eXBlIjoicmVmcmVzaCIsImV4cCI6MTcwNTY2NzAwMywiaWF0IjoxNzA1NjU5ODAzLCJqdGkiOiI1ODJlN2M3ZmNlMDE0YmEwOGQ5YmM1MWQ1MGM1YTY4ZiIsInVzZXJfaWQiOjF9.4DBI0RkPaH-IchzJ9PkxzARwBv3IcXWDyRlKM6Njxj8',
    '2024-01-19 10:23:23.146043',
    '2024-01-19 12:23:23.000000',
    1,
    '582e7c7fce014ba08d9bc51d50c5a68f'
  ),
  (
    97,
    'eyJhbGciOiJIUzI1NiIsInR5cCI6IkpXVCJ9.eyJ0b2tlbl90eXBlIjoicmVmcmVzaCIsImV4cCI6MTcwNTY2NzA0NCwiaWF0IjoxNzA1NjU5ODQ0LCJqdGkiOiIwMTFlOWY4YjVkNjU0ZGMxYjM0YjY3YzJhOGM3NWIxNCIsInVzZXJfaWQiOjF9.tqiobZKH26uITHZV-wvYomj5YAy9icaoGae1bnm6eD8',
    '2024-01-19 10:24:04.482225',
    '2024-01-19 12:24:04.000000',
    1,
    '011e9f8b5d654dc1b34b67c2a8c75b14'
  ),
  (
    98,
    'eyJhbGciOiJIUzI1NiIsInR5cCI6IkpXVCJ9.eyJ0b2tlbl90eXBlIjoicmVmcmVzaCIsImV4cCI6MTcwNTY2NzA5MywiaWF0IjoxNzA1NjU5ODkzLCJqdGkiOiIzZTQwM2NkOGNhNmI0ZmQ2OGNhZjQ4OGFkNDU3ZjM5YSIsInVzZXJfaWQiOjF9.UuV8bWcNKOtLWt9gCfbdB0_mDXNRjCo2jvm2IROSQzo',
    '2024-01-19 10:24:53.007775',
    '2024-01-19 12:24:53.000000',
    1,
    '3e403cd8ca6b4fd68caf488ad457f39a'
  ),
  (
    99,
    'eyJhbGciOiJIUzI1NiIsInR5cCI6IkpXVCJ9.eyJ0b2tlbl90eXBlIjoicmVmcmVzaCIsImV4cCI6MTcwNTY2NzExNSwiaWF0IjoxNzA1NjU5OTE1LCJqdGkiOiI3MzNhZGZjZTk0Yjk0NTc1OTU0YWY3MmI3Mjg4ZThlNyIsInVzZXJfaWQiOjF9.q8P3GK9K8jrmkl9pg_IikQHswQ3051fmHB5xVZqqy_U',
    '2024-01-19 10:25:15.935371',
    '2024-01-19 12:25:15.000000',
    1,
    '733adfce94b94575954af72b7288e8e7'
  ),
  (
    100,
    'eyJhbGciOiJIUzI1NiIsInR5cCI6IkpXVCJ9.eyJ0b2tlbl90eXBlIjoicmVmcmVzaCIsImV4cCI6MTcwNTY2NzIyOCwiaWF0IjoxNzA1NjYwMDI4LCJqdGkiOiI0MDY4OTBmOTUzYWU0YTUzOTg4NTUzNjFlNmRmMjlhNSIsInVzZXJfaWQiOjF9.y106Cnv4-RXIffis4gO4_E9z-zcQn6Wq3yDE_QFqTeQ',
    '2024-01-19 10:27:08.548910',
    '2024-01-19 12:27:08.000000',
    1,
    '406890f953ae4a5398855361e6df29a5'
  ),
  (
    101,
    'eyJhbGciOiJIUzI1NiIsInR5cCI6IkpXVCJ9.eyJ0b2tlbl90eXBlIjoicmVmcmVzaCIsImV4cCI6MTcwNTY2NzYwMiwiaWF0IjoxNzA1NjYwNDAyLCJqdGkiOiI5YjE5OGY1NWRmNzA0NTFkOWUzOThhY2U3YzQ1YzU2OCIsInVzZXJfaWQiOjF9.m8vGZOfl4jezrubGLR_717Mb67gvCO-UbdVmgeR_uVI',
    '2024-01-19 10:33:22.373802',
    '2024-01-19 12:33:22.000000',
    1,
    '9b198f55df70451d9e398ace7c45c568'
  ),
  (
    102,
    'eyJhbGciOiJIUzI1NiIsInR5cCI6IkpXVCJ9.eyJ0b2tlbl90eXBlIjoicmVmcmVzaCIsImV4cCI6MTcwNTY2NzY4MywiaWF0IjoxNzA1NjYwNDgzLCJqdGkiOiIwYzU5ODQzZTA0OTY0MzYyODk2NWIwNGViOTRjNTU2NCIsInVzZXJfaWQiOjF9.Ao76NcEZ8vZz0VvO0YcFzOezBtYmslsAzIjSRH1T4_c',
    '2024-01-19 10:34:43.893072',
    '2024-01-19 12:34:43.000000',
    1,
    '0c59843e049643628965b04eb94c5564'
  ),
  (
    103,
    'eyJhbGciOiJIUzI1NiIsInR5cCI6IkpXVCJ9.eyJ0b2tlbl90eXBlIjoicmVmcmVzaCIsImV4cCI6MTcwNTY2Nzc2MCwiaWF0IjoxNzA1NjYwNTYwLCJqdGkiOiI1OGQwYzYzNmQ2NzU0ODY5ODUxMjA4MWI2MmUxOWViYSIsInVzZXJfaWQiOjF9.xC5fcHKksSQfzYd1uFL-jQAiKU70i-pyyQEH4DUNXw0',
    '2024-01-19 10:36:00.108407',
    '2024-01-19 12:36:00.000000',
    1,
    '58d0c636d67548698512081b62e19eba'
  ),
  (
    104,
    'eyJhbGciOiJIUzI1NiIsInR5cCI6IkpXVCJ9.eyJ0b2tlbl90eXBlIjoicmVmcmVzaCIsImV4cCI6MTcwNTY2Nzg4NSwiaWF0IjoxNzA1NjYwNjg1LCJqdGkiOiIyM2RkODRkMjg0Yjg0ZmVhODllMWJkYWU2YTNjZjM2MSIsInVzZXJfaWQiOjF9.XeqOPDbQb48qgZXudFjcQzK5nfr0MwYRk8XthF1hVmI',
    '2024-01-19 10:38:05.635099',
    '2024-01-19 12:38:05.000000',
    1,
    '23dd84d284b84fea89e1bdae6a3cf361'
  ),
  (
    105,
    'eyJhbGciOiJIUzI1NiIsInR5cCI6IkpXVCJ9.eyJ0b2tlbl90eXBlIjoicmVmcmVzaCIsImV4cCI6MTcwNTY2ODA5NCwiaWF0IjoxNzA1NjYwODk0LCJqdGkiOiIxNDRmNzZhOWY5YWM0ZjI3YTc2MTk3ZWE1MjM4MTFjZCIsInVzZXJfaWQiOjF9.a4AMbsPr8Qs50pPe64LaicE-cQ6CTUC2g1glBXVk03E',
    '2024-01-19 10:41:34.065246',
    '2024-01-19 12:41:34.000000',
    1,
    '144f76a9f9ac4f27a76197ea523811cd'
  ),
  (
    106,
    'eyJhbGciOiJIUzI1NiIsInR5cCI6IkpXVCJ9.eyJ0b2tlbl90eXBlIjoicmVmcmVzaCIsImV4cCI6MTcwNTY2ODE2NywiaWF0IjoxNzA1NjYwOTY3LCJqdGkiOiJiMmIxYjQ1OTk2YmU0OGIyYWQ5M2Q5MjczMGY4MzZhZiIsInVzZXJfaWQiOjF9.MMRHiWWZwtEe-RmKde-pasPueVYhgn5vuZ3iM35lkvo',
    '2024-01-19 10:42:47.662722',
    '2024-01-19 12:42:47.000000',
    1,
    'b2b1b45996be48b2ad93d92730f836af'
  ),
  (
    107,
    'eyJhbGciOiJIUzI1NiIsInR5cCI6IkpXVCJ9.eyJ0b2tlbl90eXBlIjoicmVmcmVzaCIsImV4cCI6MTcwNTY2ODQyMiwiaWF0IjoxNzA1NjYxMjIyLCJqdGkiOiJmMWJiNWVkYjIzNGY0MGI5YWVmNjkzMjI1YmQxZjMzYiIsInVzZXJfaWQiOjF9.B80UGso7_gyFJhMsSo9-8x2bxzJvi_8W_OPEI82xqjs',
    '2024-01-19 10:47:02.993892',
    '2024-01-19 12:47:02.000000',
    1,
    'f1bb5edb234f40b9aef693225bd1f33b'
  ),
  (
    108,
    'eyJhbGciOiJIUzI1NiIsInR5cCI6IkpXVCJ9.eyJ0b2tlbl90eXBlIjoicmVmcmVzaCIsImV4cCI6MTcwNTY3MjUxNywiaWF0IjoxNzA1NjY1MzE3LCJqdGkiOiIxMDQ3NWUzNGZiMWQ0MjE0YWRmY2ViM2E5M2U5YWEzOSIsInVzZXJfaWQiOjI1fQ.JnQj1TxlsjqO_2z34dDWOVqghKcyi9UtB2zXGTre7vs',
    '2024-01-19 11:55:17.329166',
    '2024-01-19 13:55:17.000000',
    NULL,
    '10475e34fb1d4214adfceb3a93e9aa39'
  ),
  (
    109,
    'eyJhbGciOiJIUzI1NiIsInR5cCI6IkpXVCJ9.eyJ0b2tlbl90eXBlIjoicmVmcmVzaCIsImV4cCI6MTcwNTY3NTkzMywiaWF0IjoxNzA1NjY4NzMzLCJqdGkiOiJlZjJhNWNlNmMyMTM0NDQxOTExNWQyMmM4M2NjZDM2OCIsInVzZXJfaWQiOjF9.iWxO6EVAhyJkg4jCV61xWC_0wEAbMdl2qA23BZpZ1Co',
    '2024-01-19 12:52:13.368598',
    '2024-01-19 14:52:13.000000',
    1,
    'ef2a5ce6c21344419115d22c83ccd368'
  ),
  (
    110,
    'eyJhbGciOiJIUzI1NiIsInR5cCI6IkpXVCJ9.eyJ0b2tlbl90eXBlIjoicmVmcmVzaCIsImV4cCI6MTcwNTY3NjE5NiwiaWF0IjoxNzA1NjY4OTk2LCJqdGkiOiI3N2E3YmQ2YzkxOTk0YTczOWQ2NjU2MjUxYjBiYTQ0YiIsInVzZXJfaWQiOjF9.akjANB-JcNcvBITV9D038RBy1E89DriQwxRxf_2RyfQ',
    '2024-01-19 12:56:36.651518',
    '2024-01-19 14:56:36.000000',
    1,
    '77a7bd6c91994a739d6656251b0ba44b'
  ),
  (
    111,
    'eyJhbGciOiJIUzI1NiIsInR5cCI6IkpXVCJ9.eyJ0b2tlbl90eXBlIjoicmVmcmVzaCIsImV4cCI6MTcwNTY3NjQ1NCwiaWF0IjoxNzA1NjY5MjU0LCJqdGkiOiJiMjFmYjI5ZTljYzM0ZmExYjM4N2U2ZjlmMWUxOWNmNCIsInVzZXJfaWQiOjF9.T6lfeURnss2xYL8FmQ2RB7iZrq9I5D_oopYPLwuZSxw',
    '2024-01-19 13:00:54.438127',
    '2024-01-19 15:00:54.000000',
    1,
    'b21fb29e9cc34fa1b387e6f9f1e19cf4'
  ),
  (
    112,
    'eyJhbGciOiJIUzI1NiIsInR5cCI6IkpXVCJ9.eyJ0b2tlbl90eXBlIjoicmVmcmVzaCIsImV4cCI6MTcwNTY3Nzk5NCwiaWF0IjoxNzA1NjcwNzk0LCJqdGkiOiI4MmZlZmY1MDY5MTU0MTY3OTNmMzRjMmQxZTEyOGIyNCIsInVzZXJfaWQiOjI1fQ.ks9rztHll_6Zb98_ftVP2AOYjMMYh3wG9knlF0BWCD0',
    '2024-01-19 13:26:34.934810',
    '2024-01-19 15:26:34.000000',
    NULL,
    '82feff506915416793f34c2d1e128b24'
  ),
  (
    113,
    'eyJhbGciOiJIUzI1NiIsInR5cCI6IkpXVCJ9.eyJ0b2tlbl90eXBlIjoicmVmcmVzaCIsImV4cCI6MTcwNTY3OTkxNSwiaWF0IjoxNzA1NjcyNzE1LCJqdGkiOiI3NDAxMWEzZWIzNzM0ODA4YmFhMzA4ZjA2OGM5MDJkZSIsInVzZXJfaWQiOjI1fQ.w-2Pk5yzeIjaiaY0osjlOLq_wndsfUTLBeKNwSIrQ3Y',
    '2024-01-19 13:58:35.046986',
    '2024-01-19 15:58:35.000000',
    NULL,
    '74011a3eb3734808baa308f068c902de'
  ),
  (
    114,
    'eyJhbGciOiJIUzI1NiIsInR5cCI6IkpXVCJ9.eyJ0b2tlbl90eXBlIjoicmVmcmVzaCIsImV4cCI6MTcwNTY4MTIxMywiaWF0IjoxNzA1Njc0MDEzLCJqdGkiOiI1Mzk2N2Q5ODgxZGE0ZjIzOGYyY2YyY2M4YWNjYTM4ZSIsInVzZXJfaWQiOjMxfQ.P_xCCQ9mdJYP-e60zPdkaqdM2Kol1WmqBg8HPt30kDI',
    '2024-01-19 14:20:13.215521',
    '2024-01-19 16:20:13.000000',
    NULL,
    '53967d9881da4f238f2cf2cc8acca38e'
  ),
  (
    115,
    'eyJhbGciOiJIUzI1NiIsInR5cCI6IkpXVCJ9.eyJ0b2tlbl90eXBlIjoicmVmcmVzaCIsImV4cCI6MTcwNTY4MTMzNSwiaWF0IjoxNzA1Njc0MTM1LCJqdGkiOiI3ZDc2MTA2M2NjOTU0ZmFmYmZmMmIwMmUwMzMwNTJlYiIsInVzZXJfaWQiOjMyfQ.3RUG2bbSuAB_gra1hGftOSIHQzKsDVVPOUizKz_Dir8',
    '2024-01-19 14:22:15.288244',
    '2024-01-19 16:22:15.000000',
    NULL,
    '7d761063cc954fafbff2b02e033052eb'
  ),
  (
    116,
    'eyJhbGciOiJIUzI1NiIsInR5cCI6IkpXVCJ9.eyJ0b2tlbl90eXBlIjoicmVmcmVzaCIsImV4cCI6MTcwNTY4MjA1NSwiaWF0IjoxNzA1Njc0ODU1LCJqdGkiOiIyN2VmNzYyMThjZjM0N2ViYmU1M2RiYmE1MTQzYzhkYSIsInVzZXJfaWQiOjI1fQ.9LA6lDy_TM2xEswmtlsQ-FLL7N8WQKcABncH7uSn81o',
    '2024-01-19 14:34:15.092113',
    '2024-01-19 16:34:15.000000',
    NULL,
    '27ef76218cf347ebbe53dbba5143c8da'
  ),
  (
    117,
    'eyJhbGciOiJIUzI1NiIsInR5cCI6IkpXVCJ9.eyJ0b2tlbl90eXBlIjoicmVmcmVzaCIsImV4cCI6MTcwNTY4MjczOSwiaWF0IjoxNzA1Njc1NTM5LCJqdGkiOiI1MWI2YzQyOTkxZDQ0ZWRjYWE5ODU1ODJjNGU5NTQ1MCIsInVzZXJfaWQiOjM2fQ.nKdMYOA3EtdVmfq4Pa3dMDMYwV5bmkfcDCQw3aYoI28',
    '2024-01-19 14:45:39.541814',
    '2024-01-19 16:45:39.000000',
    NULL,
    '51b6c42991d44edcaa985582c4e95450'
  ),
  (
    118,
    'eyJhbGciOiJIUzI1NiIsInR5cCI6IkpXVCJ9.eyJ0b2tlbl90eXBlIjoicmVmcmVzaCIsImV4cCI6MTcwNTY4MzExMywiaWF0IjoxNzA1Njc1OTEzLCJqdGkiOiIxYTc5NDI0MjIyNDE0ZTY3OGI4NWUyZjkwOWQ4NDY3ZSIsInVzZXJfaWQiOjM3fQ.Jsam1n2P903xrIM0Lk3wq4Vy6QMJtPlhXUpohOpFiOA',
    '2024-01-19 14:51:53.336887',
    '2024-01-19 16:51:53.000000',
    NULL,
    '1a79424222414e678b85e2f909d8467e'
  ),
  (
    119,
    'eyJhbGciOiJIUzI1NiIsInR5cCI6IkpXVCJ9.eyJ0b2tlbl90eXBlIjoicmVmcmVzaCIsImV4cCI6MTcwNTY4NDU3MSwiaWF0IjoxNzA1Njc3MzcxLCJqdGkiOiJjZjRkYzZiZDQ5MTg0NzIzYWYyZTc3NDRhMzc1M2RiZiIsInVzZXJfaWQiOjM3fQ.LzE7lFIxpFK1u1ehbp5igMOGmy_cEIfDx_j8CpDuiEI',
    '2024-01-19 15:16:11.660054',
    '2024-01-19 17:16:11.000000',
    NULL,
    'cf4dc6bd49184723af2e7744a3753dbf'
  ),
  (
    120,
    'eyJhbGciOiJIUzI1NiIsInR5cCI6IkpXVCJ9.eyJ0b2tlbl90eXBlIjoicmVmcmVzaCIsImV4cCI6MTcwNTY4NDY0OSwiaWF0IjoxNzA1Njc3NDQ5LCJqdGkiOiIxZmNmMzBkZjk2MzI0OWIzYTVkZDA1NDViOTZiYjU4NiIsInVzZXJfaWQiOjM3fQ.NIY9bGOZpk5M6HrzSN5bxKGRIep2QXjLc8RuV8erfCU',
    '2024-01-19 15:17:29.224594',
    '2024-01-19 17:17:29.000000',
    NULL,
    '1fcf30df963249b3a5dd0545b96bb586'
  ),
  (
    121,
    'eyJhbGciOiJIUzI1NiIsInR5cCI6IkpXVCJ9.eyJ0b2tlbl90eXBlIjoicmVmcmVzaCIsImV4cCI6MTcwNTg1MTMzMiwiaWF0IjoxNzA1ODQ0MTMyLCJqdGkiOiJhZWQ0NjhlMzk0ZWQ0NmIzYWEyOTBhZDljYWY2OTE3OSIsInVzZXJfaWQiOjM3fQ.N3rIs4ZZUDESTrHmUSNXpmjbXKXUKphjmt1t4rBHm4Y',
    '2024-01-21 13:35:32.154735',
    '2024-01-21 15:35:32.000000',
    NULL,
    'aed468e394ed46b3aa290ad9caf69179'
  ),
  (
    122,
    'eyJhbGciOiJIUzI1NiIsInR5cCI6IkpXVCJ9.eyJ0b2tlbl90eXBlIjoicmVmcmVzaCIsImV4cCI6MTcwNTg1MjIwMiwiaWF0IjoxNzA1ODQ1MDAyLCJqdGkiOiJlYTY2MGU5ZjNiN2U0OTY5ODhmN2JmZjEwZTAzNzQ3ZSIsInVzZXJfaWQiOjM3fQ.uc4h-UYFmxlP-O_U6uuBWDVFxEe4hZv1JTtA8Ca00d0',
    '2024-01-21 13:50:02.498016',
    '2024-01-21 15:50:02.000000',
    NULL,
    'ea660e9f3b7e496988f7bff10e03747e'
  ),
  (
    123,
    'eyJhbGciOiJIUzI1NiIsInR5cCI6IkpXVCJ9.eyJ0b2tlbl90eXBlIjoicmVmcmVzaCIsImV4cCI6MTcwNTg1Njk0MywiaWF0IjoxNzA1ODQ5NzQzLCJqdGkiOiJiMzgzZGEyM2U0Y2M0N2M2ODI3YjBkMWYzZjFhNDAxZSIsInVzZXJfaWQiOjM3fQ.7CW4Wi-5TLT4ueUy9HPWe-V9QwbnuuJ4EHW02EDgHKc',
    '2024-01-21 15:09:03.773338',
    '2024-01-21 17:09:03.000000',
    NULL,
    'b383da23e4cc47c6827b0d1f3f1a401e'
  ),
  (
    124,
    'eyJhbGciOiJIUzI1NiIsInR5cCI6IkpXVCJ9.eyJ0b2tlbl90eXBlIjoicmVmcmVzaCIsImV4cCI6MTcwNTg2MjE0OSwiaWF0IjoxNzA1ODU0OTQ5LCJqdGkiOiJkM2U4NjFiMjI0ZTk0NmY3ODlhMzk0MTQ0NGVjMWZmOCIsInVzZXJfaWQiOjM3fQ.OA4cHybI7e2IYF8nyGwQsSGjUdHmAQAmuZgT6WlMgFI',
    '2024-01-21 16:35:49.342153',
    '2024-01-21 18:35:49.000000',
    NULL,
    'd3e861b224e946f789a3941444ec1ff8'
  ),
  (
    125,
    'eyJhbGciOiJIUzI1NiIsInR5cCI6IkpXVCJ9.eyJ0b2tlbl90eXBlIjoicmVmcmVzaCIsImV4cCI6MTcwNTg2MjE1MywiaWF0IjoxNzA1ODU0OTUzLCJqdGkiOiIzYjhjNDBhMjlkMzU0ZGFlOGM4ZDgzZTU0OTc1YWNhNyIsInVzZXJfaWQiOjM3fQ.ib4kS48E93mxaGf8bamrs_uzGfd6N6F1P9CZEL6LI2g',
    '2024-01-21 16:35:53.030047',
    '2024-01-21 18:35:53.000000',
    NULL,
    '3b8c40a29d354dae8c8d83e54975aca7'
  ),
  (
    126,
    'eyJhbGciOiJIUzI1NiIsInR5cCI6IkpXVCJ9.eyJ0b2tlbl90eXBlIjoicmVmcmVzaCIsImV4cCI6MTcwNTg2NDQxMiwiaWF0IjoxNzA1ODU3MjEyLCJqdGkiOiI3OTA0ZGM5MzE5MDg0NmJjOTBlMDNhNmIyNTVmNDZjOCIsInVzZXJfaWQiOjM3fQ.J1zNcPSpc8NSqHDLZ1HN2v-A0qGEmpiww5MEQyTQUCg',
    '2024-01-21 17:13:32.733391',
    '2024-01-21 19:13:32.000000',
    NULL,
    '7904dc93190846bc90e03a6b255f46c8'
  ),
  (
    127,
    'eyJhbGciOiJIUzI1NiIsInR5cCI6IkpXVCJ9.eyJ0b2tlbl90eXBlIjoicmVmcmVzaCIsImV4cCI6MTcwNTg2NTc3NiwiaWF0IjoxNzA1ODU4NTc2LCJqdGkiOiI3ZmRiZWEwYTI2Yjc0OWRlYWM1MzA5YzM4OGEwZWM4MCIsInVzZXJfaWQiOjM3fQ.4t4xpPT3nrodcbCtBqHnnKUBkdJucCfSs3n_1kRszhE',
    '2024-01-21 17:36:16.979594',
    '2024-01-21 19:36:16.000000',
    NULL,
    '7fdbea0a26b749deac5309c388a0ec80'
  ),
  (
    128,
    'eyJhbGciOiJIUzI1NiIsInR5cCI6IkpXVCJ9.eyJ0b2tlbl90eXBlIjoicmVmcmVzaCIsImV4cCI6MTcwNTg3NzA3MywiaWF0IjoxNzA1ODY5ODczLCJqdGkiOiJjMjgwNjYyMjhkNDk0NmQ4OWI5MDI4MjI4Njc3Yjc2MiIsInVzZXJfaWQiOjM3fQ.BXyLRXb9lr8aJaVj_57oo2twCkS1yMdhVu6N7oPZm24',
    '2024-01-21 20:44:33.212939',
    '2024-01-21 22:44:33.000000',
    NULL,
    'c28066228d4946d89b9028228677b762'
  ),
  (
    129,
    'eyJhbGciOiJIUzI1NiIsInR5cCI6IkpXVCJ9.eyJ0b2tlbl90eXBlIjoicmVmcmVzaCIsImV4cCI6MTcwNTkyOTczMSwiaWF0IjoxNzA1OTIyNTMxLCJqdGkiOiJhZjU0NmMzOThiYTQ0OTFhODMxZDJiOGJlNGUxOTA2MSIsInVzZXJfaWQiOjM3fQ.PYqa_e4Xp6dR8W8AZLkRGN8Op6atANUfYKbI1Oa4iX4',
    '2024-01-22 11:22:11.285490',
    '2024-01-22 13:22:11.000000',
    NULL,
    'af546c398ba4491a831d2b8be4e19061'
  ),
  (
    130,
    'eyJhbGciOiJIUzI1NiIsInR5cCI6IkpXVCJ9.eyJ0b2tlbl90eXBlIjoicmVmcmVzaCIsImV4cCI6MTcwNjAwOTYzNSwiaWF0IjoxNzA1OTIzMjM1LCJqdGkiOiI0YmIxMjZmNTdiYTE0OThkYjJjOWJjN2MxNTE0YmZlYSIsInVzZXJfaWQiOjM3fQ.Qgdbzh5_8q8tvFQ6D8vuEHyF0tfY2dM1Az3mfozOVUs',
    '2024-01-22 11:33:55.476653',
    '2024-01-23 11:33:55.000000',
    NULL,
    '4bb126f57ba1498db2c9bc7c1514bfea'
  ),
  (
    131,
    'eyJhbGciOiJIUzI1NiIsInR5cCI6IkpXVCJ9.eyJ0b2tlbl90eXBlIjoicmVmcmVzaCIsImV4cCI6MTcwNjAxOTQxMiwiaWF0IjoxNzA1OTMzMDEyLCJqdGkiOiI3MzIyMTEzMzYyYjc0MTQ1OTc2MzE1OWEzZjIyZTQ3YSIsInVzZXJfaWQiOjM3fQ.uEJs1dUy8NfAX6y9U9QmCKyRL16d-4pESmyQzxyZjFA',
    '2024-01-22 14:16:52.517404',
    '2024-01-23 14:16:52.000000',
    NULL,
    '7322113362b741459763159a3f22e47a'
  ),
  (
    132,
    'eyJhbGciOiJIUzI1NiIsInR5cCI6IkpXVCJ9.eyJ0b2tlbl90eXBlIjoicmVmcmVzaCIsImV4cCI6MTcwNjAyNTcwMywiaWF0IjoxNzA1OTM5MzAzLCJqdGkiOiI4NjkwNTNkNmE3ZjU0YzIxYmYxYjI0NTg3Zjk0NzZlMiIsInVzZXJfaWQiOjM3fQ.DOkp66hN0bLGQczupqjZ2KJHaSSN8BH8l1qxp91z76E',
    '2024-01-22 16:01:43.788414',
    '2024-01-23 16:01:43.000000',
    NULL,
    '869053d6a7f54c21bf1b24587f9476e2'
  ),
  (
    133,
    'eyJhbGciOiJIUzI1NiIsInR5cCI6IkpXVCJ9.eyJ0b2tlbl90eXBlIjoicmVmcmVzaCIsImV4cCI6MTcwNjAyOTY4NywiaWF0IjoxNzA1OTQzMjg3LCJqdGkiOiIyMWM3OGIyYmY4OGI0ZDU0ODBmZWIzODFkNDVkOTk2ZCIsInVzZXJfaWQiOjM3fQ.uRw8WSTVAv4vd4f57efaCwtSso2EpXUCiuKAalp1Gxk',
    '2024-01-22 17:08:07.716242',
    '2024-01-23 17:08:07.000000',
    NULL,
    '21c78b2bf88b4d5480feb381d45d996d'
  ),
  (
    134,
    'eyJhbGciOiJIUzI1NiIsInR5cCI6IkpXVCJ9.eyJ0b2tlbl90eXBlIjoicmVmcmVzaCIsImV4cCI6MTcwNjA0MzczOSwiaWF0IjoxNzA1OTU3MzM5LCJqdGkiOiIzZjY0MjZkNTkyM2U0ZjY0YjNiMmU3NzQ1MGNiYTdhMiIsInVzZXJfaWQiOjM3fQ.KP01VID7qoHmnOwpK-LvjACXQnTjeHdS6Ne_LmXJ-m0',
    '2024-01-22 21:02:19.685373',
    '2024-01-23 21:02:19.000000',
    NULL,
    '3f6426d5923e4f64b3b2e77450cba7a2'
  ),
  (
    135,
    'eyJhbGciOiJIUzI1NiIsInR5cCI6IkpXVCJ9.eyJ0b2tlbl90eXBlIjoicmVmcmVzaCIsImV4cCI6MTcwNjA5MzU2OSwiaWF0IjoxNzA2MDA3MTY5LCJqdGkiOiIxNDFiNTZkMWQyODk0NDc5OWMzYzMzZTBlMWQ4ODBmMSIsInVzZXJfaWQiOjM3fQ.mFT3WKrUfjDI3H4PxjY7Hx9fzhYcK_Lcv0FwsUpaVXY',
    '2024-01-23 10:52:49.468413',
    '2024-01-24 10:52:49.000000',
    NULL,
    '141b56d1d28944799c3c33e0e1d880f1'
  ),
  (
    136,
    'eyJhbGciOiJIUzI1NiIsInR5cCI6IkpXVCJ9.eyJ0b2tlbl90eXBlIjoicmVmcmVzaCIsImV4cCI6MTcwNjA5NTI0NCwiaWF0IjoxNzA2MDA4ODQ0LCJqdGkiOiJjNDliZDZmYmRjMjU0ODZhYjVhN2IzY2NhMGY5NTFjNSIsInVzZXJfaWQiOjM3fQ.gNfWlQtFCxC-DHOaYwmdSy8nTdkP0_2EE-ojQjYvPjM',
    '2024-01-23 11:20:44.919292',
    '2024-01-24 11:20:44.000000',
    NULL,
    'c49bd6fbdc25486ab5a7b3cca0f951c5'
  ),
  (
    137,
    'eyJhbGciOiJIUzI1NiIsInR5cCI6IkpXVCJ9.eyJ0b2tlbl90eXBlIjoicmVmcmVzaCIsImV4cCI6MTcwNjEyNzI3NiwiaWF0IjoxNzA2MDQwODc2LCJqdGkiOiJlNDI5NDRjNTgyYzI0OTA4OGM4OTVjNTAwZDcxZmYzNiIsInVzZXJfaWQiOjM3fQ.dO7D3JcgfgZXrj8DzbXN4XGuN2Za7COk3hS4mvHAYhM',
    '2024-01-23 20:14:36.981589',
    '2024-01-24 20:14:36.000000',
    NULL,
    'e42944c582c249088c895c500d71ff36'
  ),
  (
    138,
    'eyJhbGciOiJIUzI1NiIsInR5cCI6IkpXVCJ9.eyJ0b2tlbl90eXBlIjoicmVmcmVzaCIsImV4cCI6MTcwNjE4OTQyNCwiaWF0IjoxNzA2MTAzMDI0LCJqdGkiOiIyMWY3N2Y0ODc2YTk0OThjOTc5Y2I2ZWVjZDE2MWFhZiIsInVzZXJfaWQiOjF9.vj5mVXCQN9_ZGPQKmQEFAlXIsdkO3oqk2-uWAEfFRdI',
    '2024-01-24 13:30:24.482869',
    '2024-01-25 13:30:24.000000',
    1,
    '21f77f4876a9498c979cb6eecd161aaf'
  ),
  (
    139,
    'eyJhbGciOiJIUzI1NiIsInR5cCI6IkpXVCJ9.eyJ0b2tlbl90eXBlIjoicmVmcmVzaCIsImV4cCI6MTcwNjE4OTUzNSwiaWF0IjoxNzA2MTAzMTM1LCJqdGkiOiI3Y2E3MDg2NTA3ODQ0OTc5YmY2YTFkZTViMGQ1YjdhYiIsInVzZXJfaWQiOjF9.p26xiw1YRNR-jzem229VVeJq6Q7nWdKd_9kHHwmrbWA',
    '2024-01-24 13:32:15.013760',
    '2024-01-25 13:32:15.000000',
    1,
    '7ca7086507844979bf6a1de5b0d5b7ab'
  ),
  (
    140,
    'eyJhbGciOiJIUzI1NiIsInR5cCI6IkpXVCJ9.eyJ0b2tlbl90eXBlIjoicmVmcmVzaCIsImV4cCI6MTcwNjI5ODQyNSwiaWF0IjoxNzA2MTI1NjI1LCJqdGkiOiI3MDlkMjQzODYyYTg0Y2NjOTUzNGQ0YTVlNWJlOGQwMCIsInVzZXJfaWQiOjF9.Asf_ZOWc_DyS6Jlc7X7rAkrJJzOoNe1Du8KQ3H39vHw',
    '2024-01-24 19:47:05.136899',
    '2024-01-26 19:47:05.000000',
    1,
    '709d243862a84ccc9534d4a5e5be8d00'
  ),
  (
    141,
    'eyJhbGciOiJIUzI1NiIsInR5cCI6IkpXVCJ9.eyJ0b2tlbl90eXBlIjoicmVmcmVzaCIsImV4cCI6MTcwNjMwNjE0MywiaWF0IjoxNzA2MTMzMzQzLCJqdGkiOiJhODU3M2FjYzEwYzc0NDhmYmQxODhkZTIzY2UyYTk1MyIsInVzZXJfaWQiOjF9.KrptdcQzldEhtDMYE6CFVAWG3U5i2Lpkm8patVDfzWk',
    '2024-01-24 21:55:43.884390',
    '2024-01-26 21:55:43.000000',
    1,
    'a8573acc10c7448fbd188de23ce2a953'
  ),
  (
    142,
    'eyJhbGciOiJIUzI1NiIsInR5cCI6IkpXVCJ9.eyJ0b2tlbl90eXBlIjoicmVmcmVzaCIsImV4cCI6MTcwNjMzOTYzMiwiaWF0IjoxNzA2MTY2ODMyLCJqdGkiOiIzNjA3ODk4MjMzZTQ0NmViODc5MzcwODA4NTUzYTcxNiIsInVzZXJfaWQiOjF9.p55ce6KkKS_oNsVVeZ9fRuK3pKSFIKPGj2o7BaFpuac',
    '2024-01-25 07:13:52.095557',
    '2024-01-27 07:13:52.000000',
    1,
    '3607898233e446eb879370808553a716'
  ),
  (
    143,
    'eyJhbGciOiJIUzI1NiIsInR5cCI6IkpXVCJ9.eyJ0b2tlbl90eXBlIjoicmVmcmVzaCIsImV4cCI6MTcwNjM2Mjg2OCwiaWF0IjoxNzA2MTkwMDY4LCJqdGkiOiI1YzYyZWYyYzA4ZjM0OTliOWE4NDNjNjYxOGI2MjJhYSIsInVzZXJfaWQiOjF9.dSdKhtD0h-m1S4-Yv26xaPLr2SFg31XY37BOYaHC4gA',
    '2024-01-25 13:41:08.224530',
    '2024-01-27 13:41:08.000000',
    1,
    '5c62ef2c08f3499b9a843c6618b622aa'
  ),
  (
    144,
    'eyJhbGciOiJIUzI1NiIsInR5cCI6IkpXVCJ9.eyJ0b2tlbl90eXBlIjoicmVmcmVzaCIsImV4cCI6MTcwNjM2NDYzMSwiaWF0IjoxNzA2MTkxODMxLCJqdGkiOiJmYjE2ZmNlZmZlMTU0YTMxODBlZWE3MTA0MzdkM2ViYyIsInVzZXJfaWQiOjF9.qgt3gubLzAY1PfhbQBShHCZ5rt7vzvi6BW2PoAqtpMo',
    '2024-01-25 14:10:31.946661',
    '2024-01-27 14:10:31.000000',
    1,
    'fb16fceffe154a3180eea710437d3ebc'
  ),
  (
    145,
    'eyJhbGciOiJIUzI1NiIsInR5cCI6IkpXVCJ9.eyJ0b2tlbl90eXBlIjoicmVmcmVzaCIsImV4cCI6MTcwNjM3MjY3NiwiaWF0IjoxNzA2MTk5ODc2LCJqdGkiOiI5MTYzZGQyN2NkOWM0YTc2OTc3ZDFkM2VlNzVjMjI5YyIsInVzZXJfaWQiOjF9.i6_9FbqEOkFYVdHDiUDxr8-zoJDklPWip6P3FGXyjUo',
    '2024-01-25 16:24:36.861717',
    '2024-01-27 16:24:36.000000',
    1,
    '9163dd27cd9c4a76977d1d3ee75c229c'
  ),
  (
    146,
    'eyJhbGciOiJIUzI1NiIsInR5cCI6IkpXVCJ9.eyJ0b2tlbl90eXBlIjoicmVmcmVzaCIsImV4cCI6MTcwNjM4ODI0MywiaWF0IjoxNzA2MjE1NDQzLCJqdGkiOiI3ZWIzZGFlZDcxYjg0ZDg1YmRlNzdmNGE5MjJlNTk2NSIsInVzZXJfaWQiOjF9.s3mRlFBdSedbN2TRb5S6TlEH3RcbDyreNg0eZExTXco',
    '2024-01-25 20:44:03.289981',
    '2024-01-27 20:44:03.000000',
    1,
    '7eb3daed71b84d85bde77f4a922e5965'
  ),
  (
    147,
    'eyJhbGciOiJIUzI1NiIsInR5cCI6IkpXVCJ9.eyJ0b2tlbl90eXBlIjoicmVmcmVzaCIsImV4cCI6MTcwNjQzMDY2MywiaWF0IjoxNzA2MjU3ODYzLCJqdGkiOiJiOWEzMDk1OGM2MWY0NzFhYmFhNWY5NGY4OWVlZDA5YSIsInVzZXJfaWQiOjM4fQ._8BBx461_hnE7XTnqhd1KR94xMt5-AAYjIZFAWqrIS0',
    '2024-01-26 08:31:03.364428',
    '2024-01-28 08:31:03.000000',
    NULL,
    'b9a30958c61f471abaa5f94f89eed09a'
  ),
  (
    148,
    'eyJhbGciOiJIUzI1NiIsInR5cCI6IkpXVCJ9.eyJ0b2tlbl90eXBlIjoicmVmcmVzaCIsImV4cCI6MTcwNjYzNjE0OSwiaWF0IjoxNzA2NDYzMzQ5LCJqdGkiOiIxZjFjOTdmNWI1MDQ0NzY5YTQ4ZTc4ZDZlM2U0NmZmZiIsInVzZXJfaWQiOjF9.YskNIGDdWFJm-Dwm7cYntBLBUSKTIn3zUrid360SY9k',
    '2024-01-28 17:35:49.136248',
    '2024-01-30 17:35:49.000000',
    1,
    '1f1c97f5b5044769a48e78d6e3e46fff'
  ),
  (
    149,
    'eyJhbGciOiJIUzI1NiIsInR5cCI6IkpXVCJ9.eyJ0b2tlbl90eXBlIjoicmVmcmVzaCIsImV4cCI6MTcwNjg5MDM4MCwiaWF0IjoxNzA2NzE3NTgwLCJqdGkiOiIxOTc2OTZiYmMxMDA0YzRmYTdhOGQ5ZDllNjE3Mjg3YiIsInVzZXJfaWQiOjM5fQ.tczmrKjLB_u7p6kP10jtCdgnEbd_ps4JDa8_fX89Oz4',
    '2024-01-31 16:13:00.970232',
    '2024-02-02 16:13:00.000000',
    NULL,
    '197696bbc1004c4fa7a8d9d9e617287b'
  ),
  (
    150,
    'eyJhbGciOiJIUzI1NiIsInR5cCI6IkpXVCJ9.eyJ0b2tlbl90eXBlIjoicmVmcmVzaCIsImV4cCI6MTcxMDE3Mzc1NSwiaWF0IjoxNzEwMDg3MzU1LCJqdGkiOiIyNzQ1ZTJjMDI0NmQ0ZGRhYTRiNjEzOTdlMjE0ZDFlYSIsInVzZXJfaWQiOjQyfQ.LGxGlj0Vyq3PybXOaqtcYeWsXvN7XYGQSab-Tbk63F4',
    '2024-03-10 16:15:55.116804',
    '2024-03-11 16:15:55.000000',
    NULL,
    '2745e2c0246d4ddaa4b61397e214d1ea'
  ),
  (
    151,
    'eyJhbGciOiJIUzI1NiIsInR5cCI6IkpXVCJ9.eyJ0b2tlbl90eXBlIjoicmVmcmVzaCIsImV4cCI6MTcxMDE4NzE4NCwiaWF0IjoxNzEwMTAwNzg0LCJqdGkiOiI3MjdhZmJjNjVjM2U0OTE0OTlhNWYxYjNhZThiYjgyMCIsInVzZXJfaWQiOjQyfQ._VMzgE0GfPJTOT92eMZ2E46ZzYmS2YibJja2kMr2iZM',
    '2024-03-10 19:59:44.690104',
    '2024-03-11 19:59:44.000000',
    NULL,
    '727afbc65c3e491499a5f1b3ae8bb820'
  ),
  (
    152,
    'eyJhbGciOiJIUzI1NiIsInR5cCI6IkpXVCJ9.eyJ0b2tlbl90eXBlIjoicmVmcmVzaCIsImV4cCI6MTcxMDE5MDk0NywiaWF0IjoxNzEwMTA0NTQ3LCJqdGkiOiIyZWViMGIzMGM4MDk0MzAxOThiZWNiMDQ4ZDE5OGZlNCIsInVzZXJfaWQiOjQyfQ.iQnbMfAhmmWbpA2OweOnI79mPfdoEbHw9bIYPpm2_d8',
    '2024-03-10 21:02:27.169997',
    '2024-03-11 21:02:27.000000',
    NULL,
    '2eeb0b30c809430198becb048d198fe4'
  ),
  (
    153,
    'eyJhbGciOiJIUzI1NiIsInR5cCI6IkpXVCJ9.eyJ0b2tlbl90eXBlIjoicmVmcmVzaCIsImV4cCI6MTcxMDE5MTA4MiwiaWF0IjoxNzEwMTA0NjgyLCJqdGkiOiJiYWUzYzg4YjVmZDI0NGMyYmI0OWJhNzQ2NjJiN2FhYyIsInVzZXJfaWQiOjQyfQ.s3cnk-XticUjJNBiufQ9mUzsN5VoIE1sCed0IQMLmF4',
    '2024-03-10 21:04:42.963017',
    '2024-03-11 21:04:42.000000',
    NULL,
    'bae3c88b5fd244c2bb49ba74662b7aac'
  ),
  (
    154,
    'eyJhbGciOiJIUzI1NiIsInR5cCI6IkpXVCJ9.eyJ0b2tlbl90eXBlIjoicmVmcmVzaCIsImV4cCI6MTcxMDE5MTEzMiwiaWF0IjoxNzEwMTA0NzMyLCJqdGkiOiI0ZjIyZmE0ZWZlNjI0YWZlYTZkMWE2ZWViY2UyZGVjYSIsInVzZXJfaWQiOjQyfQ.O-dIFzhTjLyOztxNeb1pbtsxChauAt55oZaahQclnUQ',
    '2024-03-10 21:05:32.324619',
    '2024-03-11 21:05:32.000000',
    NULL,
    '4f22fa4efe624afea6d1a6eebce2deca'
  ),
  (
    155,
    'eyJhbGciOiJIUzI1NiIsInR5cCI6IkpXVCJ9.eyJ0b2tlbl90eXBlIjoicmVmcmVzaCIsImV4cCI6MTcxMDIzMzg3MCwiaWF0IjoxNzEwMTQ3NDcwLCJqdGkiOiIwNTdhOTYxYmNlYTQ0NTdjYmE0MmQ4Yzk5MDE0ZGY2ZiIsInVzZXJfaWQiOjQyfQ.N8EA18egZUYk06pn5JTF2g4ZTVZd0ln9DYEYDJX_J2w',
    '2024-03-11 08:57:50.542073',
    '2024-03-12 08:57:50.000000',
    NULL,
    '057a961bcea4457cba42d8c99014df6f'
  ),
  (
    156,
    'eyJhbGciOiJIUzI1NiIsInR5cCI6IkpXVCJ9.eyJ0b2tlbl90eXBlIjoicmVmcmVzaCIsImV4cCI6MTcxMDIzOTUyOSwiaWF0IjoxNzEwMTUzMTI5LCJqdGkiOiJkYTdjMWFiYjBmMTI0MjE1OGM3OGVjYTI0ZTYzOGY4YSIsInVzZXJfaWQiOjQyfQ.L4YdF0PSI4R_r2Bx4x9XbREIgfX1i_lZ-ggDYik_7iM',
    '2024-03-11 10:32:09.193124',
    '2024-03-12 10:32:09.000000',
    NULL,
    'da7c1abb0f1242158c78eca24e638f8a'
  ),
  (
    157,
    'eyJhbGciOiJIUzI1NiIsInR5cCI6IkpXVCJ9.eyJ0b2tlbl90eXBlIjoicmVmcmVzaCIsImV4cCI6MTcxMDI0NDgwOSwiaWF0IjoxNzEwMTU4NDA5LCJqdGkiOiJjOWFjYmQ5YTcyODE0ODU3OTIyY2IwMWNmOWY2MDE3NyIsInVzZXJfaWQiOjQyfQ.TEITI1BUClCABwqd8fZQiwMubhyaXG5DCNnndJS0Vo0',
    '2024-03-11 12:00:09.120090',
    '2024-03-12 12:00:09.000000',
    NULL,
    'c9acbd9a72814857922cb01cf9f60177'
  ),
  (
    158,
    'eyJhbGciOiJIUzI1NiIsInR5cCI6IkpXVCJ9.eyJ0b2tlbl90eXBlIjoicmVmcmVzaCIsImV4cCI6MTcxMDI1MTMzNCwiaWF0IjoxNzEwMTY0OTM0LCJqdGkiOiI2ZDdiNWNhMGNmNDc0NzI3OTc5MDFhYzlmNGM4ODAxNyIsInVzZXJfaWQiOjQyfQ.oJi7jau1ZDka79cgza2xbDRKatCrKfqV5MawiMbmieo',
    '2024-03-11 13:48:54.731654',
    '2024-03-12 13:48:54.000000',
    NULL,
    '6d7b5ca0cf47472797901ac9f4c88017'
  ),
  (
    159,
    'eyJhbGciOiJIUzI1NiIsInR5cCI6IkpXVCJ9.eyJ0b2tlbl90eXBlIjoicmVmcmVzaCIsImV4cCI6MTcxMDI2NjU0MSwiaWF0IjoxNzEwMTgwMTQxLCJqdGkiOiIwZmQ4ZTYyNTRkNWQ0NTQ0ODk4MjA1ZmM5ZjRkMjIxNyIsInVzZXJfaWQiOjQyfQ.-wdnej74MreMwxd6JXA-gUIQp3u6LMv0xWIqK8iJeC4',
    '2024-03-11 18:02:21.280642',
    '2024-03-12 18:02:21.000000',
    NULL,
    '0fd8e6254d5d4544898205fc9f4d2217'
  ),
  (
    160,
    'eyJhbGciOiJIUzI1NiIsInR5cCI6IkpXVCJ9.eyJ0b2tlbl90eXBlIjoicmVmcmVzaCIsImV4cCI6MTcxMDM1NTczMCwiaWF0IjoxNzEwMjY5MzMwLCJqdGkiOiIzMjQwYTg1ZTJiNmM0Yzc4OWNmNWQ4YzQ3MDU3YTk3MiIsInVzZXJfaWQiOjQyfQ.6heDpncpRF7EUX54yqfCLMpzkNwvYzbRsHTA8DuucL0',
    '2024-03-12 18:48:50.690804',
    '2024-03-13 18:48:50.000000',
    NULL,
    '3240a85e2b6c4c789cf5d8c47057a972'
  ),
  (
    161,
    'eyJhbGciOiJIUzI1NiIsInR5cCI6IkpXVCJ9.eyJ0b2tlbl90eXBlIjoicmVmcmVzaCIsImV4cCI6MTcxMDQwODg3MSwiaWF0IjoxNzEwMzIyNDcxLCJqdGkiOiIzNjk0ZGEwOWM1Y2Y0MGYzOTBkNjUzZjc0NGU4MmVmNyIsInVzZXJfaWQiOjQyfQ.95Zu1AlLlg0-eNaRWybAPkgDF2IwdDNkhZtjt0HKwAk',
    '2024-03-13 09:34:31.479800',
    '2024-03-14 09:34:31.000000',
    NULL,
    '3694da09c5cf40f390d653f744e82ef7'
  ),
  (
    162,
    'eyJhbGciOiJIUzI1NiIsInR5cCI6IkpXVCJ9.eyJ0b2tlbl90eXBlIjoicmVmcmVzaCIsImV4cCI6MTcxMDQwODkxMywiaWF0IjoxNzEwMzIyNTEzLCJqdGkiOiI2YTRmMjhmYTQ5MTY0Yzk2YmMyZGU3YWI5MTViZDY3OCIsInVzZXJfaWQiOjQyfQ.1-K_Agfnaif500o94n0ILO5yFp5iDdab_hebiTeXG8Y',
    '2024-03-13 09:35:13.454562',
    '2024-03-14 09:35:13.000000',
    NULL,
    '6a4f28fa49164c96bc2de7ab915bd678'
  ),
  (
    163,
    'eyJhbGciOiJIUzI1NiIsInR5cCI6IkpXVCJ9.eyJ0b2tlbl90eXBlIjoicmVmcmVzaCIsImV4cCI6MTcxMDQ5NjEwNiwiaWF0IjoxNzEwNDA5NzA2LCJqdGkiOiJlYTllNTdjYzYyMDE0NWRlYWQyNTVkOGNmMWUzYWM3ZCIsInVzZXJfaWQiOjQyfQ.pz8n1CqR8vJ2bXfw38wpgV62c70CgxScHwIidZ0gxA4',
    '2024-03-14 09:48:26.371870',
    '2024-03-15 09:48:26.000000',
    NULL,
    'ea9e57cc620145dead255d8cf1e3ac7d'
  ),
  (
    164,
    'eyJhbGciOiJIUzI1NiIsInR5cCI6IkpXVCJ9.eyJ0b2tlbl90eXBlIjoicmVmcmVzaCIsImV4cCI6MTcxMDQ5NjExMywiaWF0IjoxNzEwNDA5NzEzLCJqdGkiOiJkOGYwZmEzODllN2I0Mjc2YmUxZmY4YTgyNTAzM2Y5NCIsInVzZXJfaWQiOjQyfQ.mx5Lxn4ZSWYZ0G04EDBQ4VykHGR2_GGs8mfMnP18GQg',
    '2024-03-14 09:48:33.527575',
    '2024-03-15 09:48:33.000000',
    NULL,
    'd8f0fa389e7b4276be1ff8a825033f94'
  ),
  (
    165,
    'eyJhbGciOiJIUzI1NiIsInR5cCI6IkpXVCJ9.eyJ0b2tlbl90eXBlIjoicmVmcmVzaCIsImV4cCI6MTcxMDUzMDM3NiwiaWF0IjoxNzEwNDQzOTc2LCJqdGkiOiJlOTlkMjU0ZGU4M2E0NjQwYWIxMzE3ZDU0Y2FlNzRmMSIsInVzZXJfaWQiOjF9.tQB0QPoyvxnDBh_b34FKKfdMyJC2ky6JlXLeobVeUF8',
    '2024-03-14 19:19:36.685399',
    '2024-03-15 19:19:36.000000',
    1,
    'e99d254de83a4640ab1317d54cae74f1'
  ),
  (
    166,
    'eyJhbGciOiJIUzI1NiIsInR5cCI6IkpXVCJ9.eyJ0b2tlbl90eXBlIjoicmVmcmVzaCIsImV4cCI6MTcxMDUzMDQxNSwiaWF0IjoxNzEwNDQ0MDE1LCJqdGkiOiI1NjZmZGJmMzI5NzM0MDk0OGQ1M2MwM2IyODQ5MDQzMSIsInVzZXJfaWQiOjF9.STnZm0KNqMLR3858Qne_FikZ3eAWnN2R0iEOmUI_ynE',
    '2024-03-14 19:20:15.759599',
    '2024-03-15 19:20:15.000000',
    1,
    '566fdbf3297340948d53c03b28490431'
  ),
  (
    167,
    'eyJhbGciOiJIUzI1NiIsInR5cCI6IkpXVCJ9.eyJ0b2tlbl90eXBlIjoicmVmcmVzaCIsImV4cCI6MTcxMDUzMDQ1NywiaWF0IjoxNzEwNDQ0MDU3LCJqdGkiOiJiMmY0Mjg2OGEwNDI0OTY2OGM1NzM4NTY3Y2RlNDQyMCIsInVzZXJfaWQiOjF9.wleGJ41L46QqwZA_EJThrHodmhB1Cxy2fJKgvtno1x4',
    '2024-03-14 19:20:57.827391',
    '2024-03-15 19:20:57.000000',
    1,
    'b2f42868a04249668c5738567cde4420'
  ),
  (
    168,
    'eyJhbGciOiJIUzI1NiIsInR5cCI6IkpXVCJ9.eyJ0b2tlbl90eXBlIjoicmVmcmVzaCIsImV4cCI6MTcxMDUzMDQ5MywiaWF0IjoxNzEwNDQ0MDkzLCJqdGkiOiIyZjViZjQ4YmVmYjA0ZTc0ODkwOGZiMmRhYjc1MzEwYSIsInVzZXJfaWQiOjF9.BekgEAYT4Ta1BcVZMzTv2ZG92TXkxx2laE-ikURT_Jg',
    '2024-03-14 19:21:33.053770',
    '2024-03-15 19:21:33.000000',
    1,
    '2f5bf48befb04e748908fb2dab75310a'
  ),
  (
    169,
    'eyJhbGciOiJIUzI1NiIsInR5cCI6IkpXVCJ9.eyJ0b2tlbl90eXBlIjoicmVmcmVzaCIsImV4cCI6MTcxMDUzMTEwMCwiaWF0IjoxNzEwNDQ0NzAwLCJqdGkiOiIxZTg4ODgwNjVhMzY0NzdlOGY1NTJiNjQyOTIzYTA5ZiIsInVzZXJfaWQiOjF9.2wI9aDXHi4RZL_Z2d1dAswd9EMKs9PFYy571mndfxL8',
    '2024-03-14 19:31:40.095231',
    '2024-03-15 19:31:40.000000',
    1,
    '1e8888065a36477e8f552b642923a09f'
  ),
  (
    170,
    'eyJhbGciOiJIUzI1NiIsInR5cCI6IkpXVCJ9.eyJ0b2tlbl90eXBlIjoicmVmcmVzaCIsImV4cCI6MTcxMDUzMTQ3MSwiaWF0IjoxNzEwNDQ1MDcxLCJqdGkiOiJkMGYzZDcwNDM4MGE0NTEyYjA3OGE4ZWI1N2Q1ZmRjZCIsInVzZXJfaWQiOjF9.WQRwVXf48IPM2bQWc7CG40LwH3N6fnvY5mk1TknQKmc',
    '2024-03-14 19:37:51.599451',
    '2024-03-15 19:37:51.000000',
    1,
    'd0f3d704380a4512b078a8eb57d5fdcd'
  ),
  (
    171,
    'eyJhbGciOiJIUzI1NiIsInR5cCI6IkpXVCJ9.eyJ0b2tlbl90eXBlIjoicmVmcmVzaCIsImV4cCI6MTcxMDUzMzQ3MSwiaWF0IjoxNzEwNDQ3MDcxLCJqdGkiOiI5ZGEzMzAzNjM0ZmY0MmM4YjQ5ZTBjNzNjM2Q2NmJlNiIsInVzZXJfaWQiOjF9.g4zPNRB2uh2rDvoq2GrPl24_qbIY_qFIcvzKCYeDCQk',
    '2024-03-14 20:11:11.548419',
    '2024-03-15 20:11:11.000000',
    1,
    '9da3303634ff42c8b49e0c73c3d66be6'
  ),
  (
    172,
    'eyJhbGciOiJIUzI1NiIsInR5cCI6IkpXVCJ9.eyJ0b2tlbl90eXBlIjoicmVmcmVzaCIsImV4cCI6MTcxMDUzMzUyMSwiaWF0IjoxNzEwNDQ3MTIxLCJqdGkiOiI4OGU0YjUyMTZjZTA0YTkzYTAzZjQ1YWM0ZTA4YjY4MiIsInVzZXJfaWQiOjF9.6uremdpc-1tJDVaM7DgJCxU2vMeN_BdmxeDAxJsvtqc',
    '2024-03-14 20:12:01.496018',
    '2024-03-15 20:12:01.000000',
    1,
    '88e4b5216ce04a93a03f45ac4e08b682'
  ),
  (
    173,
    'eyJhbGciOiJIUzI1NiIsInR5cCI6IkpXVCJ9.eyJ0b2tlbl90eXBlIjoicmVmcmVzaCIsImV4cCI6MTcxMDUzMzUzNSwiaWF0IjoxNzEwNDQ3MTM1LCJqdGkiOiIzOTgzY2JiYjQ4NGY0OTUxYTYzYTY2YTlhOTY5ZGFiMSIsInVzZXJfaWQiOjF9.HAygQkXO_wYGIvVvtG0Hi22gRx4-1veXDRyhq1TBfzQ',
    '2024-03-14 20:12:15.535355',
    '2024-03-15 20:12:15.000000',
    1,
    '3983cbbb484f4951a63a66a9a969dab1'
  ),
  (
    174,
    'eyJhbGciOiJIUzI1NiIsInR5cCI6IkpXVCJ9.eyJ0b2tlbl90eXBlIjoicmVmcmVzaCIsImV4cCI6MTcxMDUzMzU2MywiaWF0IjoxNzEwNDQ3MTYzLCJqdGkiOiJiODFlMWI1NjY4ZTc0M2NhYTRmMjA4Nzg4YTE1ZmY5ZiIsInVzZXJfaWQiOjF9.WSs7NqtmvTmZAq74C_-Bomx5_TXjcRMnbi_pwZMFaKU',
    '2024-03-14 20:12:43.951989',
    '2024-03-15 20:12:43.000000',
    1,
    'b81e1b5668e743caa4f208788a15ff9f'
  ),
  (
    175,
    'eyJhbGciOiJIUzI1NiIsInR5cCI6IkpXVCJ9.eyJ0b2tlbl90eXBlIjoicmVmcmVzaCIsImV4cCI6MTcxMDUzNDU4NiwiaWF0IjoxNzEwNDQ4MTg2LCJqdGkiOiI1YjlhOWQ2ZjkzMzc0ZjMyYTk3YzcxYWI4OWI1ZjM5YyIsInVzZXJfaWQiOjF9.jz-llmRXRBuUaqDX_kcjdJQZEx-K7UnLbjAcOPA8JPQ',
    '2024-03-14 20:29:46.748399',
    '2024-03-15 20:29:46.000000',
    1,
    '5b9a9d6f93374f32a97c71ab89b5f39c'
  ),
  (
    176,
    'eyJhbGciOiJIUzI1NiIsInR5cCI6IkpXVCJ9.eyJ0b2tlbl90eXBlIjoicmVmcmVzaCIsImV4cCI6MTcxMDUzNTc5NiwiaWF0IjoxNzEwNDQ5Mzk2LCJqdGkiOiIzNzUwNjdhN2VmMTU0NTMwYjBmOTVhMGI5YWQ4MjJkZiIsInVzZXJfaWQiOjF9.PmiRwcgOJdSXLDNa7LtmYag9O5R3XK8Fn20kPd3agho',
    '2024-03-14 20:49:56.402285',
    '2024-03-15 20:49:56.000000',
    1,
    '375067a7ef154530b0f95a0b9ad822df'
  ),
  (
    177,
    'eyJhbGciOiJIUzI1NiIsInR5cCI6IkpXVCJ9.eyJ0b2tlbl90eXBlIjoicmVmcmVzaCIsImV4cCI6MTcxMDUzNjk1MSwiaWF0IjoxNzEwNDUwNTUxLCJqdGkiOiIyM2NiNTk2YzA3ZjU0ZmNmOTNhNGM3MjgxYjFkN2ZiNiIsInVzZXJfaWQiOjF9.zQ_DQuBUe8dmyfbwX42o8xMmo1my-MNsS6W2gQFGENc',
    '2024-03-14 21:09:11.150449',
    '2024-03-15 21:09:11.000000',
    1,
    '23cb596c07f54fcf93a4c7281b1d7fb6'
  ),
  (
    178,
    'eyJhbGciOiJIUzI1NiIsInR5cCI6IkpXVCJ9.eyJ0b2tlbl90eXBlIjoicmVmcmVzaCIsImV4cCI6MTcxMDUzODEyMCwiaWF0IjoxNzEwNDUxNzIwLCJqdGkiOiI0ZDQyNmQ5NDEzYzQ0NmNhYTIxMzc5ODYyN2UwMGQwZSIsInVzZXJfaWQiOjF9.p60WpD8iJ2yMbAVPVxim0g1dnKUmr1sSMnklp1RPx3U',
    '2024-03-14 21:28:40.576010',
    '2024-03-15 21:28:40.000000',
    1,
    '4d426d9413c446caa213798627e00d0e'
  ),
  (
    179,
    'eyJhbGciOiJIUzI1NiIsInR5cCI6IkpXVCJ9.eyJ0b2tlbl90eXBlIjoicmVmcmVzaCIsImV4cCI6MTcxMDUzODI3NSwiaWF0IjoxNzEwNDUxODc1LCJqdGkiOiJhMzM4MWIzN2NmMDM0OGMyOTc2NGZjNzNlZjNjYTM4YyIsInVzZXJfaWQiOjF9.Zp6n1G-FaZptZEcLhqvsYUHTG1u1AW4BxXF-Eh-jByk',
    '2024-03-14 21:31:15.178681',
    '2024-03-15 21:31:15.000000',
    1,
    'a3381b37cf0348c29764fc73ef3ca38c'
  ),
  (
    180,
    'eyJhbGciOiJIUzI1NiIsInR5cCI6IkpXVCJ9.eyJ0b2tlbl90eXBlIjoicmVmcmVzaCIsImV4cCI6MTcxMDUzOTE4NSwiaWF0IjoxNzEwNDUyNzg1LCJqdGkiOiJjMjk5MmE2NTYxZmY0YWYzYWI1NDhmNmM2ZTM5ODhhYyIsInVzZXJfaWQiOjF9.x8T7X5ibfQqDkCoUmDgiGtYORnmNUjB_G-JtLQ7Wy_k',
    '2024-03-14 21:46:25.365740',
    '2024-03-15 21:46:25.000000',
    1,
    'c2992a6561ff4af3ab548f6c6e3988ac'
  ),
  (
    181,
    'eyJhbGciOiJIUzI1NiIsInR5cCI6IkpXVCJ9.eyJ0b2tlbl90eXBlIjoicmVmcmVzaCIsImV4cCI6MTcxMDUzOTQ2OCwiaWF0IjoxNzEwNDUzMDY4LCJqdGkiOiI4ZGE3OGQ3YzdiZDU0NjUzYTZmYzNkNThmMzMyMDM1ZCIsInVzZXJfaWQiOjF9.K4F-e0hbMOkFZkQqJ23AtcJ-s-L31L2Ip3WV8PTM7fo',
    '2024-03-14 21:51:08.148166',
    '2024-03-15 21:51:08.000000',
    1,
    '8da78d7c7bd54653a6fc3d58f332035d'
  ),
  (
    182,
    'eyJhbGciOiJIUzI1NiIsInR5cCI6IkpXVCJ9.eyJ0b2tlbl90eXBlIjoicmVmcmVzaCIsImV4cCI6MTcxMDUzOTY4MywiaWF0IjoxNzEwNDUzMjgzLCJqdGkiOiJjNjU1NmMwZmRmNjQ0YjBkOTQ4NTI2YTY2MTVmZjc0OSIsInVzZXJfaWQiOjF9.cxhM_m5S4xKl78aeLTz0xr19sNA9JN6LVyxWGytJf5E',
    '2024-03-14 21:54:43.603886',
    '2024-03-15 21:54:43.000000',
    1,
    'c6556c0fdf644b0d948526a6615ff749'
  ),
  (
    183,
    'eyJhbGciOiJIUzI1NiIsInR5cCI6IkpXVCJ9.eyJ0b2tlbl90eXBlIjoicmVmcmVzaCIsImV4cCI6MTcxMDUzOTgxNywiaWF0IjoxNzEwNDUzNDE3LCJqdGkiOiI2YmY4YjNjMTZjYmM0YTNhYmFiMDM2MjdiNWE3OGM0MCIsInVzZXJfaWQiOjF9.kVjSF8FeuKPz0cqQU_XGy7y8mnE5S8p_PLtdB4AlERY',
    '2024-03-14 21:56:57.717077',
    '2024-03-15 21:56:57.000000',
    1,
    '6bf8b3c16cbc4a3abab03627b5a78c40'
  ),
  (
    184,
    'eyJhbGciOiJIUzI1NiIsInR5cCI6IkpXVCJ9.eyJ0b2tlbl90eXBlIjoicmVmcmVzaCIsImV4cCI6MTcxMDUzOTgyOCwiaWF0IjoxNzEwNDUzNDI4LCJqdGkiOiI2NmZiNDQ2NTA2MjY0OWY0YmU2NDRkODM2ZTA2OGY4ZSIsInVzZXJfaWQiOjF9._8ylmYr90_nQJEBJDJ-BhCKvzYTN7J3bn5-47bQ7T_8',
    '2024-03-14 21:57:08.905977',
    '2024-03-15 21:57:08.000000',
    1,
    '66fb4465062649f4be644d836e068f8e'
  ),
  (
    185,
    'eyJhbGciOiJIUzI1NiIsInR5cCI6IkpXVCJ9.eyJ0b2tlbl90eXBlIjoicmVmcmVzaCIsImV4cCI6MTcxMDUzOTkyOCwiaWF0IjoxNzEwNDUzNTI4LCJqdGkiOiJhYzQxNWI4YmM5NjM0ODBmOWQ3ODdkOGY0NTllNzJmZCIsInVzZXJfaWQiOjF9.P8qy12-2jiFC7d56imnHkSkhdmRqQ6KUr_DISYOqyfQ',
    '2024-03-14 21:58:48.758497',
    '2024-03-15 21:58:48.000000',
    1,
    'ac415b8bc963480f9d787d8f459e72fd'
  ),
  (
    186,
    'eyJhbGciOiJIUzI1NiIsInR5cCI6IkpXVCJ9.eyJ0b2tlbl90eXBlIjoicmVmcmVzaCIsImV4cCI6MTcxMDUzOTk5MiwiaWF0IjoxNzEwNDUzNTkyLCJqdGkiOiIxZTYwNTUyMWRmNmE0ODExODJjYjZjYzEwNzRjOTczMyIsInVzZXJfaWQiOjF9.xBU1D6NxGTnwIJEitHHnfVZTrtmlldUOx9Ebk9A0N_4',
    '2024-03-14 21:59:52.443656',
    '2024-03-15 21:59:52.000000',
    1,
    '1e605521df6a481182cb6cc1074c9733'
  ),
  (
    187,
    'eyJhbGciOiJIUzI1NiIsInR5cCI6IkpXVCJ9.eyJ0b2tlbl90eXBlIjoicmVmcmVzaCIsImV4cCI6MTcxMDU0MDEzMiwiaWF0IjoxNzEwNDUzNzMyLCJqdGkiOiIwZjZjMTViNTMwYmU0YzRmYjk2MzQ3YTEzM2FiMjUyZiIsInVzZXJfaWQiOjF9.IpzU6ohpiinIr10DZHXkAaPs2cDHEyX7Z6t__6-MYqw',
    '2024-03-14 22:02:12.608311',
    '2024-03-15 22:02:12.000000',
    1,
    '0f6c15b530be4c4fb96347a133ab252f'
  ),
  (
    188,
    'eyJhbGciOiJIUzI1NiIsInR5cCI6IkpXVCJ9.eyJ0b2tlbl90eXBlIjoicmVmcmVzaCIsImV4cCI6MTcxMDU0MDE5MiwiaWF0IjoxNzEwNDUzNzkyLCJqdGkiOiIwOGY0Nzg5YzQ4NTQ0NTU0OTU5ZTUxNDUwYTZiNGIxMSIsInVzZXJfaWQiOjF9.Einh5tzayMNROce0dQDklJO0c79w0XNqaNm3bGvkSQM',
    '2024-03-14 22:03:12.196299',
    '2024-03-15 22:03:12.000000',
    1,
    '08f4789c48544554959e51450a6b4b11'
  ),
  (
    189,
    'eyJhbGciOiJIUzI1NiIsInR5cCI6IkpXVCJ9.eyJ0b2tlbl90eXBlIjoicmVmcmVzaCIsImV4cCI6MTcxMDU0MDI5MiwiaWF0IjoxNzEwNDUzODkyLCJqdGkiOiJjNDgwNzAxOTYyNzk0M2I5ODU3ZjliMWJiM2E5ZTBmZiIsInVzZXJfaWQiOjF9.IlEuBj4isL4ByLsam3aFIRVM3OOT9mbPPxyz993PNjU',
    '2024-03-14 22:04:52.833411',
    '2024-03-15 22:04:52.000000',
    1,
    'c4807019627943b9857f9b1bb3a9e0ff'
  ),
  (
    190,
    'eyJhbGciOiJIUzI1NiIsInR5cCI6IkpXVCJ9.eyJ0b2tlbl90eXBlIjoicmVmcmVzaCIsImV4cCI6MTcxMDU0MDMyMSwiaWF0IjoxNzEwNDUzOTIxLCJqdGkiOiIwM2UxNDA2NTM4ZWQ0MjBkYjdkMjAxMzU0NDM0MmExZSIsInVzZXJfaWQiOjF9.i_lDJuhO_xItPjBYbfl9OuqAbukWhivQMu40uPMDhM4',
    '2024-03-14 22:05:21.523885',
    '2024-03-15 22:05:21.000000',
    1,
    '03e1406538ed420db7d2013544342a1e'
  ),
  (
    191,
    'eyJhbGciOiJIUzI1NiIsInR5cCI6IkpXVCJ9.eyJ0b2tlbl90eXBlIjoicmVmcmVzaCIsImV4cCI6MTcxMDU2NzUyMCwiaWF0IjoxNzEwNDgxMTIwLCJqdGkiOiI2MTIyMzU0NGYyNjA0OTE4OGMxNjQ2NzIzYjRhYTBkNSIsInVzZXJfaWQiOjF9.-icNK8eiQG2AhxJGey8u9MaADGE9yb4bndFzMpDunbs',
    '2024-03-15 05:38:40.190325',
    '2024-03-16 05:38:40.000000',
    1,
    '61223544f26049188c1646723b4aa0d5'
  ),
  (
    192,
    'eyJhbGciOiJIUzI1NiIsInR5cCI6IkpXVCJ9.eyJ0b2tlbl90eXBlIjoicmVmcmVzaCIsImV4cCI6MTcxMDU2NzY0OCwiaWF0IjoxNzEwNDgxMjQ4LCJqdGkiOiI3YjQ5OTg0ZmNkZTQ0MTFhYWExNmVmZmMzYjg4ZjVhZCIsInVzZXJfaWQiOjF9.cJU40DlJokw2d1p7P_thqzP9dAV_lJVaTLD5nMGZe_Q',
    '2024-03-15 05:40:48.448297',
    '2024-03-16 05:40:48.000000',
    1,
    '7b49984fcde4411aaa16effc3b88f5ad'
  ),
  (
    193,
    'eyJhbGciOiJIUzI1NiIsInR5cCI6IkpXVCJ9.eyJ0b2tlbl90eXBlIjoicmVmcmVzaCIsImV4cCI6MTcxMDU2ODIxNiwiaWF0IjoxNzEwNDgxODE2LCJqdGkiOiJiMGRlMGYzNTg2YmQ0YzMwOTBiMjY5YWFmMDZiYzlhOSIsInVzZXJfaWQiOjF9.VGia_3r3aP-B0coBuv6hWDhMbdUX24Egut1gM3Ie_wc',
    '2024-03-15 05:50:16.076893',
    '2024-03-16 05:50:16.000000',
    1,
    'b0de0f3586bd4c3090b269aaf06bc9a9'
  ),
  (
    194,
    'eyJhbGciOiJIUzI1NiIsInR5cCI6IkpXVCJ9.eyJ0b2tlbl90eXBlIjoicmVmcmVzaCIsImV4cCI6MTcxMDU2ODI2NiwiaWF0IjoxNzEwNDgxODY2LCJqdGkiOiJkNDVmZjMwZjExODI0N2EzODAxM2RiMmExMmZmNjlkNSIsInVzZXJfaWQiOjF9.5xYB18eVFPAESPqIL5LPWOlOwwr4DzcewMv41hlxPIw',
    '2024-03-15 05:51:06.060832',
    '2024-03-16 05:51:06.000000',
    1,
    'd45ff30f118247a38013db2a12ff69d5'
  ),
  (
    195,
    'eyJhbGciOiJIUzI1NiIsInR5cCI6IkpXVCJ9.eyJ0b2tlbl90eXBlIjoicmVmcmVzaCIsImV4cCI6MTcxMDU2ODM3OCwiaWF0IjoxNzEwNDgxOTc4LCJqdGkiOiIxMjAwZjExZDEzMWI0ZTk4YmMwMmJlOTExZDEyOTYyOCIsInVzZXJfaWQiOjF9.UgpYa1wmeKuZGUEfCVR0goMX9YZYhsa-hkmvWEjDOO0',
    '2024-03-15 05:52:58.503820',
    '2024-03-16 05:52:58.000000',
    1,
    '1200f11d131b4e98bc02be911d129628'
  ),
  (
    196,
    'eyJhbGciOiJIUzI1NiIsInR5cCI6IkpXVCJ9.eyJ0b2tlbl90eXBlIjoicmVmcmVzaCIsImV4cCI6MTcxMDU2ODQ0MiwiaWF0IjoxNzEwNDgyMDQyLCJqdGkiOiJmMGZkYWU0MzM2ZmQ0ZjAwYmMxMzhlMDgxOThiMDdlYiIsInVzZXJfaWQiOjF9.vlTUDJEeNTra6EQqEY0w2PcRHGfKQNOycVLXcTtImwo',
    '2024-03-15 05:54:02.157238',
    '2024-03-16 05:54:02.000000',
    1,
    'f0fdae4336fd4f00bc138e08198b07eb'
  ),
  (
    197,
    'eyJhbGciOiJIUzI1NiIsInR5cCI6IkpXVCJ9.eyJ0b2tlbl90eXBlIjoicmVmcmVzaCIsImV4cCI6MTcxMDU2ODYxOSwiaWF0IjoxNzEwNDgyMjE5LCJqdGkiOiIzMzU5MjM3MWM0OTI0YmJlYjU0MGI3NDczMWQ2OTkxYyIsInVzZXJfaWQiOjF9.TQwWiXBchEn_c7crs6OYjR1jZTB8YOTUeNPuARlTu9Q',
    '2024-03-15 05:56:59.228043',
    '2024-03-16 05:56:59.000000',
    1,
    '33592371c4924bbeb540b74731d6991c'
  ),
  (
    198,
    'eyJhbGciOiJIUzI1NiIsInR5cCI6IkpXVCJ9.eyJ0b2tlbl90eXBlIjoicmVmcmVzaCIsImV4cCI6MTcxMDU2OTI4NywiaWF0IjoxNzEwNDgyODg3LCJqdGkiOiI3MGNjYzBkY2M4ZmM0MDljOTA5YjJlYWYwMjJkMmE5OCIsInVzZXJfaWQiOjF9.5kWO_1keC3wlcXDtY4jSjhtBcKG0t1cBp8f8MD_u0bA',
    '2024-03-15 06:08:07.039556',
    '2024-03-16 06:08:07.000000',
    1,
    '70ccc0dcc8fc409c909b2eaf022d2a98'
  ),
  (
    199,
    'eyJhbGciOiJIUzI1NiIsInR5cCI6IkpXVCJ9.eyJ0b2tlbl90eXBlIjoicmVmcmVzaCIsImV4cCI6MTcxMDU2OTM1NywiaWF0IjoxNzEwNDgyOTU3LCJqdGkiOiJlMDIzYTYwMmZjYTk0NDRiYjFmNjMxMzNhZjQ1NmQ1ZCIsInVzZXJfaWQiOjF9.okEvOBJ3R3kyKoKx7Xdmy6S7PXWI5hF5lhQnM7E8i_E',
    '2024-03-15 06:09:17.170044',
    '2024-03-16 06:09:17.000000',
    1,
    'e023a602fca9444bb1f63133af456d5d'
  ),
  (
    200,
    'eyJhbGciOiJIUzI1NiIsInR5cCI6IkpXVCJ9.eyJ0b2tlbl90eXBlIjoicmVmcmVzaCIsImV4cCI6MTcxMDU3MDUzOCwiaWF0IjoxNzEwNDg0MTM4LCJqdGkiOiIwNTFjYWU0YTQ2YjI0MGUwODdkM2JjNTBkMGRhMDQ5NyIsInVzZXJfaWQiOjF9.07crpS91fidGSlkmu1S0_p_U3Kypa4l7aMP0gsU6P1o',
    '2024-03-15 06:28:58.857238',
    '2024-03-16 06:28:58.000000',
    1,
    '051cae4a46b240e087d3bc50d0da0497'
  ),
  (
    201,
    'eyJhbGciOiJIUzI1NiIsInR5cCI6IkpXVCJ9.eyJ0b2tlbl90eXBlIjoicmVmcmVzaCIsImV4cCI6MTcxMDU3MjM2MSwiaWF0IjoxNzEwNDg1OTYxLCJqdGkiOiIyMzI4NzgxZTFmOTU0MjhiYTAwZWIxZTc3M2ExMGIyNyIsInVzZXJfaWQiOjF9.tsBIABtyraUq-2f_-j024X33-blKxgoEFHu2pXXfNxs',
    '2024-03-15 06:59:21.478639',
    '2024-03-16 06:59:21.000000',
    1,
    '2328781e1f95428ba00eb1e773a10b27'
  ),
  (
    202,
    'eyJhbGciOiJIUzI1NiIsInR5cCI6IkpXVCJ9.eyJ0b2tlbl90eXBlIjoicmVmcmVzaCIsImV4cCI6MTcxMDU3MjUzNSwiaWF0IjoxNzEwNDg2MTM1LCJqdGkiOiI0MmE2ZWYxZjAzMDA0MTNkOTkzYTZkNjhlZTFiMWNjYiIsInVzZXJfaWQiOjF9.2Kq9Cxa04w6BXCXc3QVArFrUiNDzuSmTE0zwTC_JVOM',
    '2024-03-15 07:02:15.328580',
    '2024-03-16 07:02:15.000000',
    1,
    '42a6ef1f0300413d993a6d68ee1b1ccb'
  ),
  (
    203,
    'eyJhbGciOiJIUzI1NiIsInR5cCI6IkpXVCJ9.eyJ0b2tlbl90eXBlIjoicmVmcmVzaCIsImV4cCI6MTcxMDU3MjYyNywiaWF0IjoxNzEwNDg2MjI3LCJqdGkiOiIyMjE4YzVmMTE3NWU0MzNkYjZjMmZjMmFkMTJmODYxMyIsInVzZXJfaWQiOjF9.s_dkL-Q5xCL0sE1_z09Zx9CRRmxWXy5BSHIwoioBGY4',
    '2024-03-15 07:03:47.286951',
    '2024-03-16 07:03:47.000000',
    1,
    '2218c5f1175e433db6c2fc2ad12f8613'
  ),
  (
    204,
    'eyJhbGciOiJIUzI1NiIsInR5cCI6IkpXVCJ9.eyJ0b2tlbl90eXBlIjoicmVmcmVzaCIsImV4cCI6MTcxMDU3MjczOSwiaWF0IjoxNzEwNDg2MzM5LCJqdGkiOiIyNWNiMWI1YmRhYjI0ZmU5YmE2ZGFjYzUzM2I4MTk4ZiIsInVzZXJfaWQiOjF9.QirvUAtEj3XRG11iYjPY2VofexWrO6Qv59zgRp6-Ofs',
    '2024-03-15 07:05:39.057956',
    '2024-03-16 07:05:39.000000',
    1,
    '25cb1b5bdab24fe9ba6dacc533b8198f'
  ),
  (
    205,
    'eyJhbGciOiJIUzI1NiIsInR5cCI6IkpXVCJ9.eyJ0b2tlbl90eXBlIjoicmVmcmVzaCIsImV4cCI6MTcxMDU3Mzg0MCwiaWF0IjoxNzEwNDg3NDQwLCJqdGkiOiI5N2Q5OTI5ZjkxNmI0NWRmOGYyNDBjYjcyOWFjMDk2NyIsInVzZXJfaWQiOjF9.mU1inQVSDtJUpW3HBa1HOJUTcXLn4DrQemRYlzQcWVM',
    '2024-03-15 07:24:00.825143',
    '2024-03-16 07:24:00.000000',
    1,
    '97d9929f916b45df8f240cb729ac0967'
  ),
  (
    206,
    'eyJhbGciOiJIUzI1NiIsInR5cCI6IkpXVCJ9.eyJ0b2tlbl90eXBlIjoicmVmcmVzaCIsImV4cCI6MTcxMDU3NDY1MSwiaWF0IjoxNzEwNDg4MjUxLCJqdGkiOiI4YjVlZDM5YWM0Yzc0YjRiYjI4NTVhNWMwYzg4OWMyOSIsInVzZXJfaWQiOjF9.fjdSVspxMISDvToWdLC2VKJyRYrTK3ekjLB3SzSnZ6w',
    '2024-03-15 07:37:31.022387',
    '2024-03-16 07:37:31.000000',
    1,
    '8b5ed39ac4c74b4bb2855a5c0c889c29'
  ),
  (
    207,
    'eyJhbGciOiJIUzI1NiIsInR5cCI6IkpXVCJ9.eyJ0b2tlbl90eXBlIjoicmVmcmVzaCIsImV4cCI6MTcxMDU3NDc1NywiaWF0IjoxNzEwNDg4MzU3LCJqdGkiOiI3YjQxMWQzNTViMTg0Y2QwYWQxMTNlMjJiOWNmMzg0ZSIsInVzZXJfaWQiOjF9.SyLUeFBqepu8kaHijwPesX9Fn8-a05EMKJS91I1n4jI',
    '2024-03-15 07:39:17.747270',
    '2024-03-16 07:39:17.000000',
    1,
    '7b411d355b184cd0ad113e22b9cf384e'
  ),
  (
    208,
    'eyJhbGciOiJIUzI1NiIsInR5cCI6IkpXVCJ9.eyJ0b2tlbl90eXBlIjoicmVmcmVzaCIsImV4cCI6MTcxMDU3NDgzMSwiaWF0IjoxNzEwNDg4NDMxLCJqdGkiOiIyNGMyM2QzM2FlNjc0OTc5YWZlZDMxNWVlZGViZDU4ZCIsInVzZXJfaWQiOjF9.RMtS8r35SphgbWntueavYscfHk-rYRU9bM8fPD82aII',
    '2024-03-15 07:40:31.993679',
    '2024-03-16 07:40:31.000000',
    1,
    '24c23d33ae674979afed315eedebd58d'
  ),
  (
    209,
    'eyJhbGciOiJIUzI1NiIsInR5cCI6IkpXVCJ9.eyJ0b2tlbl90eXBlIjoicmVmcmVzaCIsImV4cCI6MTcxMDU3NDg0MSwiaWF0IjoxNzEwNDg4NDQxLCJqdGkiOiJiMjA0NTg2YThlMDI0NzVmOTlkYjBiMzZmNGYwMDViNCIsInVzZXJfaWQiOjF9.btg5t2U2W-ycmMcmEXbYjG3Dhy_qC-aVtOK7UYsJ1jo',
    '2024-03-15 07:40:41.379796',
    '2024-03-16 07:40:41.000000',
    1,
    'b204586a8e02475f99db0b36f4f005b4'
  ),
  (
    210,
    'eyJhbGciOiJIUzI1NiIsInR5cCI6IkpXVCJ9.eyJ0b2tlbl90eXBlIjoicmVmcmVzaCIsImV4cCI6MTcxMDU3NTI2MiwiaWF0IjoxNzEwNDg4ODYyLCJqdGkiOiI0NGYwZjFiZTlmM2Y0ZDBjOWIwYTE2NGY4MGYxMGE0YiIsInVzZXJfaWQiOjF9.L36WmCMjkXR9xcufPVt44gnLZHOeaSTAku1EgFIbHh4',
    '2024-03-15 07:47:42.886101',
    '2024-03-16 07:47:42.000000',
    1,
    '44f0f1be9f3f4d0c9b0a164f80f10a4b'
  ),
  (
    211,
    'eyJhbGciOiJIUzI1NiIsInR5cCI6IkpXVCJ9.eyJ0b2tlbl90eXBlIjoicmVmcmVzaCIsImV4cCI6MTcxMDYyMTM0OSwiaWF0IjoxNzEwNTM0OTQ5LCJqdGkiOiJmZmFjMmFkZGE2ODQ0MTBlYWZkZDYzYjgxY2Q4OWYwNyIsInVzZXJfaWQiOjF9.T2zkDJn9IWRhowNSfV__saOpX-UPEI3nPmTEoOWbtpA',
    '2024-03-15 20:35:49.142671',
    '2024-03-16 20:35:49.000000',
    1,
    'ffac2adda684410eafdd63b81cd89f07'
  ),
  (
    212,
    'eyJhbGciOiJIUzI1NiIsInR5cCI6IkpXVCJ9.eyJ0b2tlbl90eXBlIjoicmVmcmVzaCIsImV4cCI6MTcxMDYyMTQyOCwiaWF0IjoxNzEwNTM1MDI4LCJqdGkiOiJiYjZhMzVkZDM0MDk0MDkzYmJhMWU1ODJlNzcxZjU1YyIsInVzZXJfaWQiOjF9.NfxvEOEoNKG8EYQXw-pzRnBnc01Tvry20k5OFpYxLQg',
    '2024-03-15 20:37:08.826153',
    '2024-03-16 20:37:08.000000',
    1,
    'bb6a35dd34094093bba1e582e771f55c'
  ),
  (
    213,
    'eyJhbGciOiJIUzI1NiIsInR5cCI6IkpXVCJ9.eyJ0b2tlbl90eXBlIjoicmVmcmVzaCIsImV4cCI6MTcxMDYyMjI0OSwiaWF0IjoxNzEwNTM1ODQ5LCJqdGkiOiI4YjFmZjYxOGNlNWU0YzEwODQ4ODUyNDE2NzQ1OThlZCIsInVzZXJfaWQiOjF9.2btOzscOyH4g5jrYUTB0B3YyQ-MLb5QF05S17kUOK90',
    '2024-03-15 20:50:49.118036',
    '2024-03-16 20:50:49.000000',
    1,
    '8b1ff618ce5e4c1084885241674598ed'
  ),
  (
    214,
    'eyJhbGciOiJIUzI1NiIsInR5cCI6IkpXVCJ9.eyJ0b2tlbl90eXBlIjoicmVmcmVzaCIsImV4cCI6MTcxMDYyMjI1MywiaWF0IjoxNzEwNTM1ODUzLCJqdGkiOiI2MTE4Yzc2NDcxNGE0YjZkYmY3YmEwYmZiZDEzMGU3MyIsInVzZXJfaWQiOjF9.W9bCm0Cf2Bo8hTYVWWFKbgXdMbijQ7nUOxxxtD7Ifbs',
    '2024-03-15 20:50:53.847986',
    '2024-03-16 20:50:53.000000',
    1,
    '6118c764714a4b6dbf7ba0bfbd130e73'
  ),
  (
    215,
    'eyJhbGciOiJIUzI1NiIsInR5cCI6IkpXVCJ9.eyJ0b2tlbl90eXBlIjoicmVmcmVzaCIsImV4cCI6MTcxMDYyMjI2MywiaWF0IjoxNzEwNTM1ODYzLCJqdGkiOiJmYzEzYWFmMmQ5YmU0YmFhYjg0ZTVkNDEzMjMxMTkwMSIsInVzZXJfaWQiOjF9.b5D5L_MzQa7iVW_S_BxbkB5NmSY5vEfKywifDVwLPD8',
    '2024-03-15 20:51:03.688558',
    '2024-03-16 20:51:03.000000',
    1,
    'fc13aaf2d9be4baab84e5d4132311901'
  ),
  (
    216,
    'eyJhbGciOiJIUzI1NiIsInR5cCI6IkpXVCJ9.eyJ0b2tlbl90eXBlIjoicmVmcmVzaCIsImV4cCI6MTcxMDYyMjI4NCwiaWF0IjoxNzEwNTM1ODg0LCJqdGkiOiI4MTVlYjk2MGZiNTA0NzE3OGM4YzYzNWNjNDRmZmQ4NSIsInVzZXJfaWQiOjF9.I9b3NVTwnQkkx73YmM5yDlyQqnNUd7v0zAqnRdLJF3Y',
    '2024-03-15 20:51:24.705173',
    '2024-03-16 20:51:24.000000',
    1,
    '815eb960fb5047178c8c635cc44ffd85'
  ),
  (
    217,
    'eyJhbGciOiJIUzI1NiIsInR5cCI6IkpXVCJ9.eyJ0b2tlbl90eXBlIjoicmVmcmVzaCIsImV4cCI6MTcxMDYyMjI5OCwiaWF0IjoxNzEwNTM1ODk4LCJqdGkiOiJiYTE2ZDcxZTU4NGM0MGZmYWJjNmMyZjU0OTNmMGZhMCIsInVzZXJfaWQiOjF9._rl_8GsHwRydW8VtT6-lOs-k95i6Bea-nunx2z5o6hc',
    '2024-03-15 20:51:38.001067',
    '2024-03-16 20:51:38.000000',
    1,
    'ba16d71e584c40ffabc6c2f5493f0fa0'
  ),
  (
    218,
    'eyJhbGciOiJIUzI1NiIsInR5cCI6IkpXVCJ9.eyJ0b2tlbl90eXBlIjoicmVmcmVzaCIsImV4cCI6MTcxMDYyMjMyNywiaWF0IjoxNzEwNTM1OTI3LCJqdGkiOiJkZWVkY2I1MmE5NjU0ZDM1YmNlM2NlNDgyYmE2YWU0YSIsInVzZXJfaWQiOjF9.9-VWImrUYI1mQN4imhg7tGDJlqQhby0FVlu9aS03j-0',
    '2024-03-15 20:52:07.722995',
    '2024-03-16 20:52:07.000000',
    1,
    'deedcb52a9654d35bce3ce482ba6ae4a'
  ),
  (
    219,
    'eyJhbGciOiJIUzI1NiIsInR5cCI6IkpXVCJ9.eyJ0b2tlbl90eXBlIjoicmVmcmVzaCIsImV4cCI6MTcxMDYyMjM0MSwiaWF0IjoxNzEwNTM1OTQxLCJqdGkiOiI3NWJiNjg3OWNmMmE0ZTJkYjNlMTFkN2U4ZWUzYjYyOCIsInVzZXJfaWQiOjF9.YUdqdgsEO7UYDAxn0--DUKTjCPYFcoYw8nQ6WK8b49k',
    '2024-03-15 20:52:21.583993',
    '2024-03-16 20:52:21.000000',
    1,
    '75bb6879cf2a4e2db3e11d7e8ee3b628'
  ),
  (
    220,
    'eyJhbGciOiJIUzI1NiIsInR5cCI6IkpXVCJ9.eyJ0b2tlbl90eXBlIjoicmVmcmVzaCIsImV4cCI6MTcxMDYyMjM0MiwiaWF0IjoxNzEwNTM1OTQyLCJqdGkiOiI2YWJkM2Q1ZDI4YmI0ODUxYTMzMGU2NTI4ODVhYmE2OCIsInVzZXJfaWQiOjF9.5ujnCIc_8p5ZUYiRymnW97hGiXuyHrhJPYf75OASz3Y',
    '2024-03-15 20:52:22.757814',
    '2024-03-16 20:52:22.000000',
    1,
    '6abd3d5d28bb4851a330e652885aba68'
  ),
  (
    221,
    'eyJhbGciOiJIUzI1NiIsInR5cCI6IkpXVCJ9.eyJ0b2tlbl90eXBlIjoicmVmcmVzaCIsImV4cCI6MTcxMDYyMjM0MywiaWF0IjoxNzEwNTM1OTQzLCJqdGkiOiI4MzBhYTdlNGZmZDQ0ZjU5YjhiZTU0NjUwZTdjZmVhZSIsInVzZXJfaWQiOjF9.Ymisu7Bp2TaDcz9zejpLAQ72fNuF2hFpBsTXS3VxgPI',
    '2024-03-15 20:52:23.327181',
    '2024-03-16 20:52:23.000000',
    1,
    '830aa7e4ffd44f59b8be54650e7cfeae'
  ),
  (
    222,
    'eyJhbGciOiJIUzI1NiIsInR5cCI6IkpXVCJ9.eyJ0b2tlbl90eXBlIjoicmVmcmVzaCIsImV4cCI6MTcxMDYyMjM0MywiaWF0IjoxNzEwNTM1OTQzLCJqdGkiOiIzMmY0NWY1ZmUzNmQ0OWMyYWEyMzgxZmMzNmIyNjlmNiIsInVzZXJfaWQiOjF9.0b8c8e_WlEekS-gJjydOClLEspyuLWA8nx8YBbkoH94',
    '2024-03-15 20:52:23.747842',
    '2024-03-16 20:52:23.000000',
    1,
    '32f45f5fe36d49c2aa2381fc36b269f6'
  ),
  (
    223,
    'eyJhbGciOiJIUzI1NiIsInR5cCI6IkpXVCJ9.eyJ0b2tlbl90eXBlIjoicmVmcmVzaCIsImV4cCI6MTcxMDYyMjM0MywiaWF0IjoxNzEwNTM1OTQzLCJqdGkiOiI4MTAwZGJkODcwOGI0ODliYWQwZDRiZmNkM2IwYzNjYiIsInVzZXJfaWQiOjF9.fauhIQ24au1vd2vc9r7pS0LPFQKr1wGVGt3tPM5lR0o',
    '2024-03-15 20:52:23.911391',
    '2024-03-16 20:52:23.000000',
    1,
    '8100dbd8708b489bad0d4bfcd3b0c3cb'
  ),
  (
    224,
    'eyJhbGciOiJIUzI1NiIsInR5cCI6IkpXVCJ9.eyJ0b2tlbl90eXBlIjoicmVmcmVzaCIsImV4cCI6MTcxMDYyMjM0NCwiaWF0IjoxNzEwNTM1OTQ0LCJqdGkiOiJhN2U3Y2IwOTY3MzY0ZjM4YTMyN2E0ZGRjODY2NjIzNCIsInVzZXJfaWQiOjF9.VV51vf1Gjqeb_bynNC7sc0WhfL-v0o0gEHgrOUltzHI',
    '2024-03-15 20:52:24.080950',
    '2024-03-16 20:52:24.000000',
    1,
    'a7e7cb0967364f38a327a4ddc8666234'
  ),
  (
    225,
    'eyJhbGciOiJIUzI1NiIsInR5cCI6IkpXVCJ9.eyJ0b2tlbl90eXBlIjoicmVmcmVzaCIsImV4cCI6MTcxMDYyMjM0NCwiaWF0IjoxNzEwNTM1OTQ0LCJqdGkiOiIwNjIyNmMyNDJhNDc0YWFmYWVjOWJhY2E2NWE0ZTJjYSIsInVzZXJfaWQiOjF9.6bItoBNDBbz7IbPr35f3clLz2Ytoa9V0XXgTUhGtEus',
    '2024-03-15 20:52:24.279909',
    '2024-03-16 20:52:24.000000',
    1,
    '06226c242a474aafaec9baca65a4e2ca'
  ),
  (
    226,
    'eyJhbGciOiJIUzI1NiIsInR5cCI6IkpXVCJ9.eyJ0b2tlbl90eXBlIjoicmVmcmVzaCIsImV4cCI6MTcxMDYyMjM0NCwiaWF0IjoxNzEwNTM1OTQ0LCJqdGkiOiI3MGQ3NTBlMWU0YTE0MzI4ODIyNmZmYThiZWE3Zjg3NSIsInVzZXJfaWQiOjF9.6j4yxcRPBTU6chXHP8hTQwYmHXm7wIDa3JYlAe338dk',
    '2024-03-15 20:52:24.462266',
    '2024-03-16 20:52:24.000000',
    1,
    '70d750e1e4a143288226ffa8bea7f875'
  ),
  (
    227,
    'eyJhbGciOiJIUzI1NiIsInR5cCI6IkpXVCJ9.eyJ0b2tlbl90eXBlIjoicmVmcmVzaCIsImV4cCI6MTcxMDYyMjM0NCwiaWF0IjoxNzEwNTM1OTQ0LCJqdGkiOiJkOWZiYWZlZGU5NmY0YzZiYWEyMzVkZjdhZTZjMTI4NSIsInVzZXJfaWQiOjF9.z2Pt3B2h_YynBcpY7WmDHkUgEDp0G_2pzduvr8ZDKkY',
    '2024-03-15 20:52:24.643936',
    '2024-03-16 20:52:24.000000',
    1,
    'd9fbafede96f4c6baa235df7ae6c1285'
  ),
  (
    228,
    'eyJhbGciOiJIUzI1NiIsInR5cCI6IkpXVCJ9.eyJ0b2tlbl90eXBlIjoicmVmcmVzaCIsImV4cCI6MTcxMDYyMjM0OSwiaWF0IjoxNzEwNTM1OTQ5LCJqdGkiOiI1MWJjZWZlYjlkZGY0ZDA1ODMwNjAyZDlmNmMyMTU1NCIsInVzZXJfaWQiOjF9.u-Ei3v8ogtFwpAfNsyvtusJg-nlaRJ5OUSmMz35TN74',
    '2024-03-15 20:52:29.412765',
    '2024-03-16 20:52:29.000000',
    1,
    '51bcefeb9ddf4d05830602d9f6c21554'
  ),
  (
    229,
    'eyJhbGciOiJIUzI1NiIsInR5cCI6IkpXVCJ9.eyJ0b2tlbl90eXBlIjoicmVmcmVzaCIsImV4cCI6MTcxMDYyMjM2MywiaWF0IjoxNzEwNTM1OTYzLCJqdGkiOiJjYzI2ZTBjNzc5Mjk0Mjc5YmMyNDdjZjM4NjZhNGFjOSIsInVzZXJfaWQiOjF9.IyRbMZFP9vDF0vSbAochhx8dH8BkyddcKFJhW1nwEcg',
    '2024-03-15 20:52:43.130568',
    '2024-03-16 20:52:43.000000',
    1,
    'cc26e0c779294279bc247cf3866a4ac9'
  ),
  (
    230,
    'eyJhbGciOiJIUzI1NiIsInR5cCI6IkpXVCJ9.eyJ0b2tlbl90eXBlIjoicmVmcmVzaCIsImV4cCI6MTcxMDYyMjM2NCwiaWF0IjoxNzEwNTM1OTY0LCJqdGkiOiJlYjNjNGYyMWJjOTQ0NWQwYTA4OWNkNjhjNmI5ZjE2YyIsInVzZXJfaWQiOjF9.pdM2wewJbV-Am_9LvN_mYwY6HH9A_r7o-4OkXaaMRis',
    '2024-03-15 20:52:44.676137',
    '2024-03-16 20:52:44.000000',
    1,
    'eb3c4f21bc9445d0a089cd68c6b9f16c'
  ),
  (
    231,
    'eyJhbGciOiJIUzI1NiIsInR5cCI6IkpXVCJ9.eyJ0b2tlbl90eXBlIjoicmVmcmVzaCIsImV4cCI6MTcxMDYyMjM5NCwiaWF0IjoxNzEwNTM1OTk0LCJqdGkiOiJiMmFlNTNhZWYyYmQ0M2E0OTRmNzY2MjA0OTk1OGEyNyIsInVzZXJfaWQiOjF9.5nV3Z5cCrW6l79jZk2t0qb2jYExRF89rgmb9ebisQ6c',
    '2024-03-15 20:53:14.401392',
    '2024-03-16 20:53:14.000000',
    1,
    'b2ae53aef2bd43a494f7662049958a27'
  ),
  (
    232,
    'eyJhbGciOiJIUzI1NiIsInR5cCI6IkpXVCJ9.eyJ0b2tlbl90eXBlIjoicmVmcmVzaCIsImV4cCI6MTcxMDYyMjQyNSwiaWF0IjoxNzEwNTM2MDI1LCJqdGkiOiIzNTlmMGE1YjZiMjk0ZDdiOGMyY2QyOGRjY2JlNTQ4MiIsInVzZXJfaWQiOjF9.jTci6s3cmOXskpuDE9p89KgMZFkGDzwiz8JD0tk84Uc',
    '2024-03-15 20:53:45.613941',
    '2024-03-16 20:53:45.000000',
    1,
    '359f0a5b6b294d7b8c2cd28dccbe5482'
  ),
  (
    233,
    'eyJhbGciOiJIUzI1NiIsInR5cCI6IkpXVCJ9.eyJ0b2tlbl90eXBlIjoicmVmcmVzaCIsImV4cCI6MTcxMDYyMjQ1MCwiaWF0IjoxNzEwNTM2MDUwLCJqdGkiOiJmMWZlMWE4ZmY2YzI0YzFhYThhZGQyODk1MzJmOTYxOCIsInVzZXJfaWQiOjF9.M8WUidIJVDeFL9fWCHsWb0rqaR6BnH_d9hQJOIlwZbY',
    '2024-03-15 20:54:10.340849',
    '2024-03-16 20:54:10.000000',
    1,
    'f1fe1a8ff6c24c1aa8add289532f9618'
  ),
  (
    234,
    'eyJhbGciOiJIUzI1NiIsInR5cCI6IkpXVCJ9.eyJ0b2tlbl90eXBlIjoicmVmcmVzaCIsImV4cCI6MTcxMDYyMjQ2OSwiaWF0IjoxNzEwNTM2MDY5LCJqdGkiOiIzNmI5ODExNjY5MGI0ZGJhYjAxYmQyN2U3M2FjZmI2YSIsInVzZXJfaWQiOjF9.yo3eBkpeJ7A-gw_u5cJRGQt3JTwnh9J7FG1Uiu1UUag',
    '2024-03-15 20:54:29.825374',
    '2024-03-16 20:54:29.000000',
    1,
    '36b98116690b4dbab01bd27e73acfb6a'
  ),
  (
    235,
    'eyJhbGciOiJIUzI1NiIsInR5cCI6IkpXVCJ9.eyJ0b2tlbl90eXBlIjoicmVmcmVzaCIsImV4cCI6MTcxMDYyMjQ4NSwiaWF0IjoxNzEwNTM2MDg1LCJqdGkiOiIwNDk3NWQ2MmQyZjQ0Mjc1OTE3MDZjMzM5NjZjYTI0MSIsInVzZXJfaWQiOjF9.5qibnxBNAGT6lnLQa2mSDD5X92k5PT7ldgoTFJCMmLk',
    '2024-03-15 20:54:45.671612',
    '2024-03-16 20:54:45.000000',
    1,
    '04975d62d2f4427591706c33966ca241'
  ),
  (
    236,
    'eyJhbGciOiJIUzI1NiIsInR5cCI6IkpXVCJ9.eyJ0b2tlbl90eXBlIjoicmVmcmVzaCIsImV4cCI6MTcxMDYyMjQ4NiwiaWF0IjoxNzEwNTM2MDg2LCJqdGkiOiJkMzc0YTY1N2Y2OTk0ZmI2YmZjNDI0ZWE3YjcxMzQ1OSIsInVzZXJfaWQiOjF9.JgMMyLvm8hNziytSJC9BvC3fpe43i0qd_hfimMzvPII',
    '2024-03-15 20:54:46.929117',
    '2024-03-16 20:54:46.000000',
    1,
    'd374a657f6994fb6bfc424ea7b713459'
  ),
  (
    237,
    'eyJhbGciOiJIUzI1NiIsInR5cCI6IkpXVCJ9.eyJ0b2tlbl90eXBlIjoicmVmcmVzaCIsImV4cCI6MTcxMDYyMjQ5NSwiaWF0IjoxNzEwNTM2MDk1LCJqdGkiOiI1MDhjYTM5ZTNiMjQ0YjYyOTg0N2VjMTZlYzA4NzBiNyIsInVzZXJfaWQiOjF9.__bmhrn3enok62ELudbcUrwo11vsu0fTUNFXBOTIFIc',
    '2024-03-15 20:54:55.946637',
    '2024-03-16 20:54:55.000000',
    1,
    '508ca39e3b244b629847ec16ec0870b7'
  ),
  (
    238,
    'eyJhbGciOiJIUzI1NiIsInR5cCI6IkpXVCJ9.eyJ0b2tlbl90eXBlIjoicmVmcmVzaCIsImV4cCI6MTcxMDYyMjUxNCwiaWF0IjoxNzEwNTM2MTE0LCJqdGkiOiI0ZmYwMDlkODExY2M0ZDNiOTk0YzIzOTc1ZWEzMmVlMSIsInVzZXJfaWQiOjF9.PVjG8Sg13tYkv9tDHraceHc0Adj4a4Ew8bjstDRfSC4',
    '2024-03-15 20:55:14.196405',
    '2024-03-16 20:55:14.000000',
    1,
    '4ff009d811cc4d3b994c23975ea32ee1'
  ),
  (
    239,
    'eyJhbGciOiJIUzI1NiIsInR5cCI6IkpXVCJ9.eyJ0b2tlbl90eXBlIjoicmVmcmVzaCIsImV4cCI6MTcxMDYyMjU0NiwiaWF0IjoxNzEwNTM2MTQ2LCJqdGkiOiI5OGQxMTk3MTQ5MmY0MGFiOGU0MTA3NjA5ZWMzYWMxZiIsInVzZXJfaWQiOjF9.LeAe402OCeCYP6dnLsFD39kCWsvfosxzUrJLuyfF5hc',
    '2024-03-15 20:55:46.305455',
    '2024-03-16 20:55:46.000000',
    1,
    '98d11971492f40ab8e4107609ec3ac1f'
  ),
  (
    240,
    'eyJhbGciOiJIUzI1NiIsInR5cCI6IkpXVCJ9.eyJ0b2tlbl90eXBlIjoicmVmcmVzaCIsImV4cCI6MTcxMDYyMjY2MCwiaWF0IjoxNzEwNTM2MjYwLCJqdGkiOiJjMDIyZWZlZDc1NWE0NGQ3YmU1NGVlMTIyMDI4YmNiZiIsInVzZXJfaWQiOjF9.cBvwKjhQp0HI9nm4FMjP6ee5HsQ0vz9PHR9Gm9gFeHY',
    '2024-03-15 20:57:40.235126',
    '2024-03-16 20:57:40.000000',
    1,
    'c022efed755a44d7be54ee122028bcbf'
  ),
  (
    241,
    'eyJhbGciOiJIUzI1NiIsInR5cCI6IkpXVCJ9.eyJ0b2tlbl90eXBlIjoicmVmcmVzaCIsImV4cCI6MTcxMDYyMjkwMCwiaWF0IjoxNzEwNTM2NTAwLCJqdGkiOiI2ZDg2ZGVjNTM2ZmU0YmJjOWZkMmI2MTE1ZTY5N2Y0NyIsInVzZXJfaWQiOjF9._7zzcxesHdDO2AofYFxdLaA2l81rxKNFC5WnPdfWwgs',
    '2024-03-15 21:01:40.265324',
    '2024-03-16 21:01:40.000000',
    1,
    '6d86dec536fe4bbc9fd2b6115e697f47'
  ),
  (
    242,
    'eyJhbGciOiJIUzI1NiIsInR5cCI6IkpXVCJ9.eyJ0b2tlbl90eXBlIjoicmVmcmVzaCIsImV4cCI6MTcxMDYyMzgwNCwiaWF0IjoxNzEwNTM3NDA0LCJqdGkiOiJkZmJkMTBhYTc5Y2M0MDBhYmUyMDQ5MmEzZDJmODA3NyIsInVzZXJfaWQiOjF9.7gg_rui4jEOtZJHpC0S1ztCJpJSWEmC5jVAHOtpKrR0',
    '2024-03-15 21:16:44.996715',
    '2024-03-16 21:16:44.000000',
    1,
    'dfbd10aa79cc400abe20492a3d2f8077'
  ),
  (
    243,
    'eyJhbGciOiJIUzI1NiIsInR5cCI6IkpXVCJ9.eyJ0b2tlbl90eXBlIjoicmVmcmVzaCIsImV4cCI6MTcxMDY3MzQxMywiaWF0IjoxNzEwNTg3MDEzLCJqdGkiOiIwNTVlOWZjZGM3ZjA0ODI5YjAxYjRhZTA1ZWI3MjI5OCIsInVzZXJfaWQiOjF9.sZQdTs9T_sCfJAAbJjEybQJHPcXFEjumGnbzdDLWhYw',
    '2024-03-16 11:03:33.102442',
    '2024-03-17 11:03:33.000000',
    1,
    '055e9fcdc7f04829b01b4ae05eb72298'
  ),
  (
    244,
    'eyJhbGciOiJIUzI1NiIsInR5cCI6IkpXVCJ9.eyJ0b2tlbl90eXBlIjoicmVmcmVzaCIsImV4cCI6MTcxMDY3MzkxNCwiaWF0IjoxNzEwNTg3NTE0LCJqdGkiOiIwY2E3OThkYmI5MWY0ZDczYWI4MGQ2ZDA3OTUzNGRhNyIsInVzZXJfaWQiOjF9.Ip13B6UBle17uE9s3syt9m_jTLxv8Ynz-GQCuwguLIk',
    '2024-03-16 11:11:54.491865',
    '2024-03-17 11:11:54.000000',
    1,
    '0ca798dbb91f4d73ab80d6d079534da7'
  ),
  (
    245,
    'eyJhbGciOiJIUzI1NiIsInR5cCI6IkpXVCJ9.eyJ0b2tlbl90eXBlIjoicmVmcmVzaCIsImV4cCI6MTcxMDY3Mzk5MCwiaWF0IjoxNzEwNTg3NTkwLCJqdGkiOiIzN2JjYWMxOTk3ODQ0MGY0ODNlMTljZDY2MTNjYjY4MSIsInVzZXJfaWQiOjF9.WZ_NTyVnpMlSLrS0lvCT42A4O825OIY9m7RNfoZakuY',
    '2024-03-16 11:13:10.063430',
    '2024-03-17 11:13:10.000000',
    1,
    '37bcac19978440f483e19cd6613cb681'
  ),
  (
    246,
    'eyJhbGciOiJIUzI1NiIsInR5cCI6IkpXVCJ9.eyJ0b2tlbl90eXBlIjoicmVmcmVzaCIsImV4cCI6MTcxMDY3NTMxNiwiaWF0IjoxNzEwNTg4OTE2LCJqdGkiOiJhMDVmN2EwY2EzNWI0ZmM2OGNkZDczMDQwZjc4ZWUzNyIsInVzZXJfaWQiOjF9.VF1lJUMBZMtMZ88vlTEdM99bOhPMF8NnHvDUgFD4oYs',
    '2024-03-16 11:35:16.483707',
    '2024-03-17 11:35:16.000000',
    1,
    'a05f7a0ca35b4fc68cdd73040f78ee37'
  ),
  (
    247,
    'eyJhbGciOiJIUzI1NiIsInR5cCI6IkpXVCJ9.eyJ0b2tlbl90eXBlIjoicmVmcmVzaCIsImV4cCI6MTcxMDY3NTM0NSwiaWF0IjoxNzEwNTg4OTQ1LCJqdGkiOiJlM2UyOTkxMmMxMDk0OTcwYjVlMjlhMTJkNTBjYTcyMyIsInVzZXJfaWQiOjF9.qJLJ4BFyM498s8JVhvbeYmCzPBJLyLyjh8tirlHkXIs',
    '2024-03-16 11:35:45.332351',
    '2024-03-17 11:35:45.000000',
    1,
    'e3e29912c1094970b5e29a12d50ca723'
  ),
  (
    248,
    'eyJhbGciOiJIUzI1NiIsInR5cCI6IkpXVCJ9.eyJ0b2tlbl90eXBlIjoicmVmcmVzaCIsImV4cCI6MTcxMDY3NTM4NywiaWF0IjoxNzEwNTg4OTg3LCJqdGkiOiIxYmFiNTQxN2FlNTg0ZTM2Yjg4ZGFlNjY1Mzc2NjJmZiIsInVzZXJfaWQiOjF9.M84jbcD4DW5aa5Cp7JDJYFQnbgoZB4tGuIrcEWG2Eks',
    '2024-03-16 11:36:27.258070',
    '2024-03-17 11:36:27.000000',
    1,
    '1bab5417ae584e36b88dae66537662ff'
  ),
  (
    249,
    'eyJhbGciOiJIUzI1NiIsInR5cCI6IkpXVCJ9.eyJ0b2tlbl90eXBlIjoicmVmcmVzaCIsImV4cCI6MTcxMDY3NTQwNiwiaWF0IjoxNzEwNTg5MDA2LCJqdGkiOiJjMDE2ZGQ5YjFjYWU0N2Y1OGExMjA4ZjYzYWVhM2M1NyIsInVzZXJfaWQiOjF9.q_5wGTzpVDUKrLvjUykoyRuCMb9AhLqzSAaS8BqzqX4',
    '2024-03-16 11:36:46.630431',
    '2024-03-17 11:36:46.000000',
    1,
    'c016dd9b1cae47f58a1208f63aea3c57'
  ),
  (
    250,
    'eyJhbGciOiJIUzI1NiIsInR5cCI6IkpXVCJ9.eyJ0b2tlbl90eXBlIjoicmVmcmVzaCIsImV4cCI6MTcxMDY3NTQwNywiaWF0IjoxNzEwNTg5MDA3LCJqdGkiOiIzZjYxYzI5ODdlYTE0OGQyOGU2ZDhjYjNiMjg5ZDY5ZiIsInVzZXJfaWQiOjF9.qeCfaJLVym_OczzBjUdDRRGDeOHDRn_-5AI8nacmJzA',
    '2024-03-16 11:36:47.557039',
    '2024-03-17 11:36:47.000000',
    1,
    '3f61c2987ea148d28e6d8cb3b289d69f'
  ),
  (
    251,
    'eyJhbGciOiJIUzI1NiIsInR5cCI6IkpXVCJ9.eyJ0b2tlbl90eXBlIjoicmVmcmVzaCIsImV4cCI6MTcxMDY3NTQxOCwiaWF0IjoxNzEwNTg5MDE4LCJqdGkiOiI2YTFmZDc2ZGExODY0MTUzOGNhNDI0YTIxNmExYmI4YSIsInVzZXJfaWQiOjF9.TNwIcw2XYY-zmHSMwIFPmBR4xcXGuOR77LjHWFT2cJ4',
    '2024-03-16 11:36:58.614978',
    '2024-03-17 11:36:58.000000',
    1,
    '6a1fd76da18641538ca424a216a1bb8a'
  ),
  (
    252,
    'eyJhbGciOiJIUzI1NiIsInR5cCI6IkpXVCJ9.eyJ0b2tlbl90eXBlIjoicmVmcmVzaCIsImV4cCI6MTcxMDY3NTQ2MCwiaWF0IjoxNzEwNTg5MDYwLCJqdGkiOiI4OGJiNTVlN2NiOGQ0MjI5OTU2MDY5ZWIzZTkzMDJlMiIsInVzZXJfaWQiOjF9.sB5cviLF09vI91FZhK61jdp6pQCnohx0RWKZhuM0Q3Y',
    '2024-03-16 11:37:40.908949',
    '2024-03-17 11:37:40.000000',
    1,
    '88bb55e7cb8d4229956069eb3e9302e2'
  ),
  (
    253,
    'eyJhbGciOiJIUzI1NiIsInR5cCI6IkpXVCJ9.eyJ0b2tlbl90eXBlIjoicmVmcmVzaCIsImV4cCI6MTcxMDY3NTQ2MSwiaWF0IjoxNzEwNTg5MDYxLCJqdGkiOiI5MWQyMTQ4NWE1ZTc0YjE3YjQ3NmY3Y2JkMzEyNzA5OSIsInVzZXJfaWQiOjF9.tsHtMwHW85K7Oy_cZuHPwvdIPS0xiR0bivVI6Wiwdec',
    '2024-03-16 11:37:41.892787',
    '2024-03-17 11:37:41.000000',
    1,
    '91d21485a5e74b17b476f7cbd3127099'
  ),
  (
    254,
    'eyJhbGciOiJIUzI1NiIsInR5cCI6IkpXVCJ9.eyJ0b2tlbl90eXBlIjoicmVmcmVzaCIsImV4cCI6MTcxMDY3NTQ2MiwiaWF0IjoxNzEwNTg5MDYyLCJqdGkiOiI0ZmMyYmM0MDdjZDk0YTMzOTBhMThhYjkyZjI5MTk4OSIsInVzZXJfaWQiOjF9.lgM6lc5gpBsjT7LNF1UVq5db7uVZSGz8BA3IvmS0oSo',
    '2024-03-16 11:37:42.679881',
    '2024-03-17 11:37:42.000000',
    1,
    '4fc2bc407cd94a3390a18ab92f291989'
  ),
  (
    255,
    'eyJhbGciOiJIUzI1NiIsInR5cCI6IkpXVCJ9.eyJ0b2tlbl90eXBlIjoicmVmcmVzaCIsImV4cCI6MTcxMDY3NTQ2MiwiaWF0IjoxNzEwNTg5MDYyLCJqdGkiOiJiYjhjNjQ1NDdjNDA0ODA4OWUwYWY1NDZmYzgzZDlhZSIsInVzZXJfaWQiOjF9.srK6hatrq4zgDELBEB0i8r5DY3QN3bYOMnrUfNn7oxc',
    '2024-03-16 11:37:42.980607',
    '2024-03-17 11:37:42.000000',
    1,
    'bb8c64547c4048089e0af546fc83d9ae'
  ),
  (
    256,
    'eyJhbGciOiJIUzI1NiIsInR5cCI6IkpXVCJ9.eyJ0b2tlbl90eXBlIjoicmVmcmVzaCIsImV4cCI6MTcxMDY3NTQ2MywiaWF0IjoxNzEwNTg5MDYzLCJqdGkiOiI2ODg4MWU2YWVjZTI0ODdmOTE1Yzk3YjkwMzY2YWYxMiIsInVzZXJfaWQiOjF9.xdugvCe86pHf9QtfmbSYO_lAJfpZh92S76xVg0K03XU',
    '2024-03-16 11:37:43.174926',
    '2024-03-17 11:37:43.000000',
    1,
    '68881e6aece2487f915c97b90366af12'
  ),
  (
    257,
    'eyJhbGciOiJIUzI1NiIsInR5cCI6IkpXVCJ9.eyJ0b2tlbl90eXBlIjoicmVmcmVzaCIsImV4cCI6MTcxMDY3NTQ2MywiaWF0IjoxNzEwNTg5MDYzLCJqdGkiOiJhZTMzZjY5NzFiZTg0OTk2OGFlODNlZDAxNTQyNDYxYiIsInVzZXJfaWQiOjF9.51horBLvrpY9FN0bFMQTniChx85jZgGhNef_GVeUElU',
    '2024-03-16 11:37:43.437816',
    '2024-03-17 11:37:43.000000',
    1,
    'ae33f6971be849968ae83ed01542461b'
  ),
  (
    258,
    'eyJhbGciOiJIUzI1NiIsInR5cCI6IkpXVCJ9.eyJ0b2tlbl90eXBlIjoicmVmcmVzaCIsImV4cCI6MTcxMDY3NTQ2MywiaWF0IjoxNzEwNTg5MDYzLCJqdGkiOiJhZGVhZTAwNDY5OWE0ODQ0OTIxMTI0N2JhM2JlZmNjOCIsInVzZXJfaWQiOjF9.ddi4AcceqJOHQO39r7_ljhMoX-DW_2343VgJdf0EGn0',
    '2024-03-16 11:37:43.626187',
    '2024-03-17 11:37:43.000000',
    1,
    'adeae004699a48449211247ba3befcc8'
  ),
  (
    259,
    'eyJhbGciOiJIUzI1NiIsInR5cCI6IkpXVCJ9.eyJ0b2tlbl90eXBlIjoicmVmcmVzaCIsImV4cCI6MTcxMDY3NTQ3NiwiaWF0IjoxNzEwNTg5MDc2LCJqdGkiOiJjZDY1OTEzNmNmZTQ0M2RkYmVhMjAxYWVkZjFiMDdhYSIsInVzZXJfaWQiOjF9.bFq3ukbbnBpjp6tc5jSEdftBCsDtKxhEoLRDy6537X0',
    '2024-03-16 11:37:56.558015',
    '2024-03-17 11:37:56.000000',
    1,
    'cd659136cfe443ddbea201aedf1b07aa'
  ),
  (
    260,
    'eyJhbGciOiJIUzI1NiIsInR5cCI6IkpXVCJ9.eyJ0b2tlbl90eXBlIjoicmVmcmVzaCIsImV4cCI6MTcxMDY3NTQ3NywiaWF0IjoxNzEwNTg5MDc3LCJqdGkiOiIyZDZkZjcxZTYxZDI0ZmJhODNjNmI5OWFkYWQxNDQ1OSIsInVzZXJfaWQiOjF9.tgltLI4qNCZOmx0pV8ul4mNZAeUjCZBtxX-SKwHbZ80',
    '2024-03-16 11:37:57.775145',
    '2024-03-17 11:37:57.000000',
    1,
    '2d6df71e61d24fba83c6b99adad14459'
  ),
  (
    261,
    'eyJhbGciOiJIUzI1NiIsInR5cCI6IkpXVCJ9.eyJ0b2tlbl90eXBlIjoicmVmcmVzaCIsImV4cCI6MTcxMDY3NTQ3OCwiaWF0IjoxNzEwNTg5MDc4LCJqdGkiOiIxZDEyNDJmNjJjZmU0OWMxYmNjYTUwZGQ2MTAxNDExNSIsInVzZXJfaWQiOjF9.eLrxPv17adr6jHQl4wirC4xIcCOZP3irt2pxnoYoMqU',
    '2024-03-16 11:37:58.426446',
    '2024-03-17 11:37:58.000000',
    1,
    '1d1242f62cfe49c1bcca50dd61014115'
  ),
  (
    262,
    'eyJhbGciOiJIUzI1NiIsInR5cCI6IkpXVCJ9.eyJ0b2tlbl90eXBlIjoicmVmcmVzaCIsImV4cCI6MTcxMDY3NTQ3OCwiaWF0IjoxNzEwNTg5MDc4LCJqdGkiOiI4YWFmMWE1M2IyMjg0YjRjODViMDZmZjE3NDU4NzEwYSIsInVzZXJfaWQiOjF9.Jk5RzH1fCy3HWV_38ugOHFWvo48xji7unUcBedTlufg',
    '2024-03-16 11:37:58.958093',
    '2024-03-17 11:37:58.000000',
    1,
    '8aaf1a53b2284b4c85b06ff17458710a'
  ),
  (
    263,
    'eyJhbGciOiJIUzI1NiIsInR5cCI6IkpXVCJ9.eyJ0b2tlbl90eXBlIjoicmVmcmVzaCIsImV4cCI6MTcxMDY3NTQ3OSwiaWF0IjoxNzEwNTg5MDc5LCJqdGkiOiIwY2Y5NjMzZjg4ZTg0OGNjOTM5N2UyOGMzMmYxNDQ4YiIsInVzZXJfaWQiOjF9.Mo2Bq6FlPYZKeAyI6QwAASLVwiewp-af_0lN4KnffrA',
    '2024-03-16 11:37:59.492849',
    '2024-03-17 11:37:59.000000',
    1,
    '0cf9633f88e848cc9397e28c32f1448b'
  ),
  (
    264,
    'eyJhbGciOiJIUzI1NiIsInR5cCI6IkpXVCJ9.eyJ0b2tlbl90eXBlIjoicmVmcmVzaCIsImV4cCI6MTcxMDY3NTQ3OSwiaWF0IjoxNzEwNTg5MDc5LCJqdGkiOiJjY2NmODc1MGQ3ZDI0YWVhYmRmOTJiZWNmYmY3YWQzNyIsInVzZXJfaWQiOjF9.HY_iBCXwCmviLfaIu-m6mByTg9wbxOrfzETaTM4gwSw',
    '2024-03-16 11:37:59.919993',
    '2024-03-17 11:37:59.000000',
    1,
    'cccf8750d7d24aeabdf92becfbf7ad37'
  ),
  (
    265,
    'eyJhbGciOiJIUzI1NiIsInR5cCI6IkpXVCJ9.eyJ0b2tlbl90eXBlIjoicmVmcmVzaCIsImV4cCI6MTcxMDY3NTQ5MCwiaWF0IjoxNzEwNTg5MDkwLCJqdGkiOiI3ZjhjZmI2ZGU0NDQ0ZWEwYmYzM2IwYTNkYzc2Mjg1NSIsInVzZXJfaWQiOjF9.1ZY8thdtLp6uON7q_zxSpAlc4qwzj0ps6jE6qjSXBe0',
    '2024-03-16 11:38:10.582508',
    '2024-03-17 11:38:10.000000',
    1,
    '7f8cfb6de4444ea0bf33b0a3dc762855'
  ),
  (
    266,
    'eyJhbGciOiJIUzI1NiIsInR5cCI6IkpXVCJ9.eyJ0b2tlbl90eXBlIjoicmVmcmVzaCIsImV4cCI6MTcxMDY3NTUwNSwiaWF0IjoxNzEwNTg5MTA1LCJqdGkiOiJmN2I3MGU1ZWQxZmM0NGUyYTFhZTIxMDhlYzM4NmFhZSIsInVzZXJfaWQiOjF9.tAeCs_UfsQ3kG-8n0SfVI1qBc3pu4VbmkkQTdK43MBY',
    '2024-03-16 11:38:25.496299',
    '2024-03-17 11:38:25.000000',
    1,
    'f7b70e5ed1fc44e2a1ae2108ec386aae'
  ),
  (
    267,
    'eyJhbGciOiJIUzI1NiIsInR5cCI6IkpXVCJ9.eyJ0b2tlbl90eXBlIjoicmVmcmVzaCIsImV4cCI6MTcxMDY3NTUwOCwiaWF0IjoxNzEwNTg5MTA4LCJqdGkiOiI0NDkxN2IxZmZmYjE0NzAxYmI2ZWNlYzA5MWRjOGFmNSIsInVzZXJfaWQiOjF9.3n9f-vTjNpTO79529LQnw3Yxi6mwpSVJRgjI7ovnLf0',
    '2024-03-16 11:38:28.714346',
    '2024-03-17 11:38:28.000000',
    1,
    '44917b1fffb14701bb6ecec091dc8af5'
  ),
  (
    268,
    'eyJhbGciOiJIUzI1NiIsInR5cCI6IkpXVCJ9.eyJ0b2tlbl90eXBlIjoicmVmcmVzaCIsImV4cCI6MTcxMDY3NTY0NSwiaWF0IjoxNzEwNTg5MjQ1LCJqdGkiOiIyZDhlZmNlYTRhNTg0MGI4OGQzMzJlMmJiZDYyNTUzNCIsInVzZXJfaWQiOjF9.WNL0noKjdaBBItxFr0mARHtASCGi8FKkKCAmPm7x4E0',
    '2024-03-16 11:40:45.808647',
    '2024-03-17 11:40:45.000000',
    1,
    '2d8efcea4a5840b88d332e2bbd625534'
  ),
  (
    269,
    'eyJhbGciOiJIUzI1NiIsInR5cCI6IkpXVCJ9.eyJ0b2tlbl90eXBlIjoicmVmcmVzaCIsImV4cCI6MTcxMDY3NTY1MiwiaWF0IjoxNzEwNTg5MjUyLCJqdGkiOiI4NTE3NGRiNmYwNmM0ZTZjYWQ3OTk0ZTAyMmM3NmVhMyIsInVzZXJfaWQiOjF9.KwDgeQcQfeugk_gv1Z2AdM5BQGPxV_xS3j-Muzvqbt4',
    '2024-03-16 11:40:52.831096',
    '2024-03-17 11:40:52.000000',
    1,
    '85174db6f06c4e6cad7994e022c76ea3'
  ),
  (
    270,
    'eyJhbGciOiJIUzI1NiIsInR5cCI6IkpXVCJ9.eyJ0b2tlbl90eXBlIjoicmVmcmVzaCIsImV4cCI6MTcxMDY3NTY2NiwiaWF0IjoxNzEwNTg5MjY2LCJqdGkiOiIzNWVlYmQ3Y2UzYTA0MDE5YTRiZDI0YzhmZmVhZWFmNSIsInVzZXJfaWQiOjF9.fT2WxAZndESgvDFJ-Uj-sJPrK2cCZ8l1kOMvCZL3iUw',
    '2024-03-16 11:41:06.630743',
    '2024-03-17 11:41:06.000000',
    1,
    '35eebd7ce3a04019a4bd24c8ffeaeaf5'
  ),
  (
    271,
    'eyJhbGciOiJIUzI1NiIsInR5cCI6IkpXVCJ9.eyJ0b2tlbl90eXBlIjoicmVmcmVzaCIsImV4cCI6MTcxMDY3NTY2NywiaWF0IjoxNzEwNTg5MjY3LCJqdGkiOiI4MzEyODgyODA1MmQ0YzAxYThiZTk0YzMzNTJmMzYyNCIsInVzZXJfaWQiOjF9.krAark_kwc_ljaKI1c2i-9evOx1JpFAEN52PDPeAkrE',
    '2024-03-16 11:41:07.381285',
    '2024-03-17 11:41:07.000000',
    1,
    '83128828052d4c01a8be94c3352f3624'
  ),
  (
    272,
    'eyJhbGciOiJIUzI1NiIsInR5cCI6IkpXVCJ9.eyJ0b2tlbl90eXBlIjoicmVmcmVzaCIsImV4cCI6MTcxMDY3NTY2OCwiaWF0IjoxNzEwNTg5MjY4LCJqdGkiOiIxNzUyZWQ1NzFhNTE0M2IzYTBkMWIzNDhjMjIxN2E2YSIsInVzZXJfaWQiOjF9.6t2bUhlONe81DDHC8XnndfZPf734sZaDizVNvAuEmiE',
    '2024-03-16 11:41:08.026791',
    '2024-03-17 11:41:08.000000',
    1,
    '1752ed571a5143b3a0d1b348c2217a6a'
  ),
  (
    273,
    'eyJhbGciOiJIUzI1NiIsInR5cCI6IkpXVCJ9.eyJ0b2tlbl90eXBlIjoicmVmcmVzaCIsImV4cCI6MTcxMDY3NTcyNiwiaWF0IjoxNzEwNTg5MzI2LCJqdGkiOiJlNTg4MzYwYjliNzA0MWNiODBlZmFiN2JmMmI2ZmM3MyIsInVzZXJfaWQiOjF9.tnaRrwYp8wgLQVff730ZUDzgYmAf2JHrzGgg4ffgltA',
    '2024-03-16 11:42:06.198701',
    '2024-03-17 11:42:06.000000',
    1,
    'e588360b9b7041cb80efab7bf2b6fc73'
  ),
  (
    274,
    'eyJhbGciOiJIUzI1NiIsInR5cCI6IkpXVCJ9.eyJ0b2tlbl90eXBlIjoicmVmcmVzaCIsImV4cCI6MTcxMDY3NTc1NCwiaWF0IjoxNzEwNTg5MzU0LCJqdGkiOiJiNTFlZmE2YWNhNzM0ZjdkYjEzZmIwYmYxMzkyZDA0OSIsInVzZXJfaWQiOjF9.lvez4pFAVJob2KTb4mk8L_d8K5TSSg_5_OlHLfNz9Nk',
    '2024-03-16 11:42:34.517311',
    '2024-03-17 11:42:34.000000',
    1,
    'b51efa6aca734f7db13fb0bf1392d049'
  ),
  (
    275,
    'eyJhbGciOiJIUzI1NiIsInR5cCI6IkpXVCJ9.eyJ0b2tlbl90eXBlIjoicmVmcmVzaCIsImV4cCI6MTcxMDY3NTc1NywiaWF0IjoxNzEwNTg5MzU3LCJqdGkiOiJjOWEwMWYxMTRlNzc0ZWRlODIzMTZmMWIzZTlkNjQ2MiIsInVzZXJfaWQiOjF9.XM5dRmuKE6nrq42vX2PUWT-GpZATxH32Y6Oqu45CLk0',
    '2024-03-16 11:42:37.630999',
    '2024-03-17 11:42:37.000000',
    1,
    'c9a01f114e774ede82316f1b3e9d6462'
  ),
  (
    276,
    'eyJhbGciOiJIUzI1NiIsInR5cCI6IkpXVCJ9.eyJ0b2tlbl90eXBlIjoicmVmcmVzaCIsImV4cCI6MTcxMDY3NTc4MSwiaWF0IjoxNzEwNTg5MzgxLCJqdGkiOiJkZjIxZmIyNDBkMTM0MDE0ODE4MmM3MjYyNzVkZWM1YyIsInVzZXJfaWQiOjF9.T95qwUpG7moRbUviLZAhQhKNfpsh-Cz7SR1mXv6H6n4',
    '2024-03-16 11:43:01.183589',
    '2024-03-17 11:43:01.000000',
    1,
    'df21fb240d1340148182c726275dec5c'
  ),
  (
    277,
    'eyJhbGciOiJIUzI1NiIsInR5cCI6IkpXVCJ9.eyJ0b2tlbl90eXBlIjoicmVmcmVzaCIsImV4cCI6MTcxMDY3NTc4MiwiaWF0IjoxNzEwNTg5MzgyLCJqdGkiOiI5OTRhNWY4MGYxYTQ0MGZhYTkzZDcyMTk0ZTU3YjFjZCIsInVzZXJfaWQiOjF9.rrtZjEFyhnSXzvJ4DSiAHNU7zMxbGhhz_NiBgy7trgk',
    '2024-03-16 11:43:02.693366',
    '2024-03-17 11:43:02.000000',
    1,
    '994a5f80f1a440faa93d72194e57b1cd'
  ),
  (
    278,
    'eyJhbGciOiJIUzI1NiIsInR5cCI6IkpXVCJ9.eyJ0b2tlbl90eXBlIjoicmVmcmVzaCIsImV4cCI6MTcxMDY3NTc5MiwiaWF0IjoxNzEwNTg5MzkyLCJqdGkiOiI3YTM5YmEyOGU0NWI0NTVmOTc5ODVhOWQ1MDk0NTkwOCIsInVzZXJfaWQiOjF9.aUs0_W7XFndp7iUFTRcQklRLNP83VCCSTIr8MXpaXX4',
    '2024-03-16 11:43:12.327148',
    '2024-03-17 11:43:12.000000',
    1,
    '7a39ba28e45b455f97985a9d50945908'
  ),
  (
    279,
    'eyJhbGciOiJIUzI1NiIsInR5cCI6IkpXVCJ9.eyJ0b2tlbl90eXBlIjoicmVmcmVzaCIsImV4cCI6MTcxMDY3NTgzMywiaWF0IjoxNzEwNTg5NDMzLCJqdGkiOiJjZWI4NzE3OTQ3MTQ0OWE4YWU3YmMxYWMwMzY2NDM4NSIsInVzZXJfaWQiOjF9.WCGoGd_dcehmeeM35MnRZq4z0GqeRsXU_b3vdYniPxs',
    '2024-03-16 11:43:53.495138',
    '2024-03-17 11:43:53.000000',
    1,
    'ceb87179471449a8ae7bc1ac03664385'
  ),
  (
    280,
    'eyJhbGciOiJIUzI1NiIsInR5cCI6IkpXVCJ9.eyJ0b2tlbl90eXBlIjoicmVmcmVzaCIsImV4cCI6MTcxMDY3NTgzNiwiaWF0IjoxNzEwNTg5NDM2LCJqdGkiOiI1YmEzY2MyYjY0MDY0MTU3YjhmYWVlYzExOTBmNTU2YyIsInVzZXJfaWQiOjF9.1_8yXan7ckJGKHL5-bmwSjgREPtB8APg_ywEJRr5TcE',
    '2024-03-16 11:43:56.189902',
    '2024-03-17 11:43:56.000000',
    1,
    '5ba3cc2b64064157b8faeec1190f556c'
  ),
  (
    281,
    'eyJhbGciOiJIUzI1NiIsInR5cCI6IkpXVCJ9.eyJ0b2tlbl90eXBlIjoicmVmcmVzaCIsImV4cCI6MTcxMDY3NTg0MiwiaWF0IjoxNzEwNTg5NDQyLCJqdGkiOiI5MDZlZDcyY2Q3NjE0YTNmYjFlYzg2YjQ3Y2Y3ODI0YyIsInVzZXJfaWQiOjF9.7NL3OOr2LBb0yI7Nozb0fckkIrVXL_ZDAe4bWNUhjcc',
    '2024-03-16 11:44:02.558829',
    '2024-03-17 11:44:02.000000',
    1,
    '906ed72cd7614a3fb1ec86b47cf7824c'
  ),
  (
    282,
    'eyJhbGciOiJIUzI1NiIsInR5cCI6IkpXVCJ9.eyJ0b2tlbl90eXBlIjoicmVmcmVzaCIsImV4cCI6MTcxMDY3NjI5NiwiaWF0IjoxNzEwNTg5ODk2LCJqdGkiOiI1NTc2MTdkNjM1ODY0NzkwYTE2Zjg4NzcxODQ4YWM2MyIsInVzZXJfaWQiOjF9.N7LBpKFrsIYCrhQx7l0mIpwrrh87INpCsMPJtfvw6Jg',
    '2024-03-16 11:51:36.947798',
    '2024-03-17 11:51:36.000000',
    1,
    '557617d635864790a16f88771848ac63'
  ),
  (
    283,
    'eyJhbGciOiJIUzI1NiIsInR5cCI6IkpXVCJ9.eyJ0b2tlbl90eXBlIjoicmVmcmVzaCIsImV4cCI6MTcxMDY3NjMwMiwiaWF0IjoxNzEwNTg5OTAyLCJqdGkiOiJiNWFjZDdjM2VkOWU0MGE0YTkzMDU3NDZmYzYxNGZmYSIsInVzZXJfaWQiOjF9.PCXDgqa7T49q5R_JsJ0BDDzeDP0Ai-DpZYGRjHvjNh4',
    '2024-03-16 11:51:42.538262',
    '2024-03-17 11:51:42.000000',
    1,
    'b5acd7c3ed9e40a4a9305746fc614ffa'
  ),
  (
    284,
    'eyJhbGciOiJIUzI1NiIsInR5cCI6IkpXVCJ9.eyJ0b2tlbl90eXBlIjoicmVmcmVzaCIsImV4cCI6MTcxMDY3NjMxMiwiaWF0IjoxNzEwNTg5OTEyLCJqdGkiOiJiYTBjZjU2N2Y3YjU0ZWRhODVjOTA5YzAxMjUxNjA2YSIsInVzZXJfaWQiOjF9.59idpLyF-m8r9xuSDAoxN5RdvZLtaSD4rfGe6-p3WU0',
    '2024-03-16 11:51:52.528351',
    '2024-03-17 11:51:52.000000',
    1,
    'ba0cf567f7b54eda85c909c01251606a'
  ),
  (
    285,
    'eyJhbGciOiJIUzI1NiIsInR5cCI6IkpXVCJ9.eyJ0b2tlbl90eXBlIjoicmVmcmVzaCIsImV4cCI6MTcxMDY3NjMzOCwiaWF0IjoxNzEwNTg5OTM4LCJqdGkiOiJhZjdiYjdjOGIyY2Q0OWY1OWY5OTVmZDVjN2VmZGViYiIsInVzZXJfaWQiOjF9.YqOAym7relUlplRv98RufthEFd3y2v-4viIWF5DAhNI',
    '2024-03-16 11:52:18.291901',
    '2024-03-17 11:52:18.000000',
    1,
    'af7bb7c8b2cd49f59f995fd5c7efdebb'
  ),
  (
    286,
    'eyJhbGciOiJIUzI1NiIsInR5cCI6IkpXVCJ9.eyJ0b2tlbl90eXBlIjoicmVmcmVzaCIsImV4cCI6MTcxMDY3NjM2NywiaWF0IjoxNzEwNTg5OTY3LCJqdGkiOiIxMWZmNzUxYTM3MTE0NzYwYjliZmFmYzRhZjE0MGQ0NSIsInVzZXJfaWQiOjF9.hDPisyeyk8Xwklih6DMOvi3mCtScRxRZqBw5jyWBI4c',
    '2024-03-16 11:52:47.370240',
    '2024-03-17 11:52:47.000000',
    1,
    '11ff751a37114760b9bfafc4af140d45'
  ),
  (
    287,
    'eyJhbGciOiJIUzI1NiIsInR5cCI6IkpXVCJ9.eyJ0b2tlbl90eXBlIjoicmVmcmVzaCIsImV4cCI6MTcxMDY3NjM5NSwiaWF0IjoxNzEwNTg5OTk1LCJqdGkiOiI2ZDg5N2QyOGFmOTI0NDVkYTI5MjNmNjRjMzBmNjIyYyIsInVzZXJfaWQiOjF9.-tdfeOW4aKOTU9A6Win5gKTIzTRTvoOw0arXrXVOJIE',
    '2024-03-16 11:53:15.366662',
    '2024-03-17 11:53:15.000000',
    1,
    '6d897d28af92445da2923f64c30f622c'
  ),
  (
    288,
    'eyJhbGciOiJIUzI1NiIsInR5cCI6IkpXVCJ9.eyJ0b2tlbl90eXBlIjoicmVmcmVzaCIsImV4cCI6MTcxMDY3NjQyMCwiaWF0IjoxNzEwNTkwMDIwLCJqdGkiOiIyYzE1ZTJjMzgyYTg0OWQ5ODQzMTliZTQ5ZmQyNDVjMCIsInVzZXJfaWQiOjF9.xsoy7vBeivV9lhVPoR5ejdpce8U7j9jdMa-LPqCnBL4',
    '2024-03-16 11:53:40.476811',
    '2024-03-17 11:53:40.000000',
    1,
    '2c15e2c382a849d984319be49fd245c0'
  ),
  (
    289,
    'eyJhbGciOiJIUzI1NiIsInR5cCI6IkpXVCJ9.eyJ0b2tlbl90eXBlIjoicmVmcmVzaCIsImV4cCI6MTcxMDY3NjQyOCwiaWF0IjoxNzEwNTkwMDI4LCJqdGkiOiI2MmVmMDgxNTUyN2Y0NjhjYjMwMTk3ODgyOTBmN2FlNiIsInVzZXJfaWQiOjF9.Fw00mBNY41L8dCzV24BH1AyzI5IWvwXgc294zXDgdLg',
    '2024-03-16 11:53:48.210907',
    '2024-03-17 11:53:48.000000',
    1,
    '62ef0815527f468cb3019788290f7ae6'
  ),
  (
    290,
    'eyJhbGciOiJIUzI1NiIsInR5cCI6IkpXVCJ9.eyJ0b2tlbl90eXBlIjoicmVmcmVzaCIsImV4cCI6MTcxMDY3NjQ3MywiaWF0IjoxNzEwNTkwMDczLCJqdGkiOiIzMjRlMjFkNDZiYTk0ZDIzYTBmN2U1OGMzMGI3YTNmNCIsInVzZXJfaWQiOjF9.PJ3nbMlAjz6k4zYhJ4u-MLEK1OhrWWTHXbQGkdanGy4',
    '2024-03-16 11:54:33.194975',
    '2024-03-17 11:54:33.000000',
    1,
    '324e21d46ba94d23a0f7e58c30b7a3f4'
  ),
  (
    291,
    'eyJhbGciOiJIUzI1NiIsInR5cCI6IkpXVCJ9.eyJ0b2tlbl90eXBlIjoicmVmcmVzaCIsImV4cCI6MTcxMDY3NjUwNywiaWF0IjoxNzEwNTkwMTA3LCJqdGkiOiI4MTgzZjI5NjU4ODc0NTI3OTM0ZTYxNjQ2YjVjNDM5OSIsInVzZXJfaWQiOjF9.IhmBUbfeJF_doPDLdenZaTlCLExDkkJrH_amIVaV9Ec',
    '2024-03-16 11:55:07.819942',
    '2024-03-17 11:55:07.000000',
    1,
    '8183f29658874527934e61646b5c4399'
  ),
  (
    292,
    'eyJhbGciOiJIUzI1NiIsInR5cCI6IkpXVCJ9.eyJ0b2tlbl90eXBlIjoicmVmcmVzaCIsImV4cCI6MTcxMDY3NjUxMSwiaWF0IjoxNzEwNTkwMTExLCJqdGkiOiIyMzAyOWQxYjJhMDY0ZDkzODQxNzI0OTIwZTEyODAwNCIsInVzZXJfaWQiOjF9.1X3IMl-01MfyRoKiIsLrksgdMRj-Vt_ljvfAPkpwn5Y',
    '2024-03-16 11:55:11.771019',
    '2024-03-17 11:55:11.000000',
    1,
    '23029d1b2a064d93841724920e128004'
  ),
  (
    293,
    'eyJhbGciOiJIUzI1NiIsInR5cCI6IkpXVCJ9.eyJ0b2tlbl90eXBlIjoicmVmcmVzaCIsImV4cCI6MTcxMDY3NjUxMiwiaWF0IjoxNzEwNTkwMTEyLCJqdGkiOiIzYzE5YWZlMzhhODY0YWU0YTQ0YWI1NWYwNzdhZjcyNCIsInVzZXJfaWQiOjF9.FyhM-fcDPSXcnd69sPFJ6Az9ExamuD6ZhA0mH-FP6KI',
    '2024-03-16 11:55:12.860752',
    '2024-03-17 11:55:12.000000',
    1,
    '3c19afe38a864ae4a44ab55f077af724'
  ),
  (
    294,
    'eyJhbGciOiJIUzI1NiIsInR5cCI6IkpXVCJ9.eyJ0b2tlbl90eXBlIjoicmVmcmVzaCIsImV4cCI6MTcxMDY3NjUxMywiaWF0IjoxNzEwNTkwMTEzLCJqdGkiOiI2OGM3NzVlYTE3OGQ0NDkyODg0ZThkNTVjZGYzYWRlZCIsInVzZXJfaWQiOjF9.pIGRPUo3VFpJqJ2OrqV71S6mfBLr58C1IutI6rE80R0',
    '2024-03-16 11:55:13.673331',
    '2024-03-17 11:55:13.000000',
    1,
    '68c775ea178d4492884e8d55cdf3aded'
  ),
  (
    295,
    'eyJhbGciOiJIUzI1NiIsInR5cCI6IkpXVCJ9.eyJ0b2tlbl90eXBlIjoicmVmcmVzaCIsImV4cCI6MTcxMDY3NjUyMSwiaWF0IjoxNzEwNTkwMTIxLCJqdGkiOiIzY2FiYmE1NmU5Yjc0N2FlOTgyZGI2OGQ2YTM4ZjYzNSIsInVzZXJfaWQiOjF9.FzK9azoLJkqaRQcWWMpm8dYY439BccQRci4UKkATdHI',
    '2024-03-16 11:55:21.168673',
    '2024-03-17 11:55:21.000000',
    1,
    '3cabba56e9b747ae982db68d6a38f635'
  ),
  (
    296,
    'eyJhbGciOiJIUzI1NiIsInR5cCI6IkpXVCJ9.eyJ0b2tlbl90eXBlIjoicmVmcmVzaCIsImV4cCI6MTcxMDY3NjUzMCwiaWF0IjoxNzEwNTkwMTMwLCJqdGkiOiI4OTQ5ZjMyZmZlOGM0MTVkOWIwYzNlMDA4YjQ4Y2MzMyIsInVzZXJfaWQiOjF9.QRCUImuux4vwmW6aavxKeIPQFFPMX2DoYwcBkeVRqbw',
    '2024-03-16 11:55:30.071494',
    '2024-03-17 11:55:30.000000',
    1,
    '8949f32ffe8c415d9b0c3e008b48cc33'
  ),
  (
    297,
    'eyJhbGciOiJIUzI1NiIsInR5cCI6IkpXVCJ9.eyJ0b2tlbl90eXBlIjoicmVmcmVzaCIsImV4cCI6MTcxMDY3NjY2NSwiaWF0IjoxNzEwNTkwMjY1LCJqdGkiOiJlMTk3OWFlODg4NTk0ZjcyYWM3NGQwYmQ1NTdiNjIwMCIsInVzZXJfaWQiOjF9.2Tmq9ANLZhU_upc4SUVOQhqlpHpyQqZogVRqlEusnVc',
    '2024-03-16 11:57:45.107975',
    '2024-03-17 11:57:45.000000',
    1,
    'e1979ae888594f72ac74d0bd557b6200'
  ),
  (
    298,
    'eyJhbGciOiJIUzI1NiIsInR5cCI6IkpXVCJ9.eyJ0b2tlbl90eXBlIjoicmVmcmVzaCIsImV4cCI6MTcxMDY3Njc0MywiaWF0IjoxNzEwNTkwMzQzLCJqdGkiOiI2NWExMjAxODU3ZDY0OWVhODA3ZGVjZWEzZTMwOThiNyIsInVzZXJfaWQiOjF9.UeFFmWaU1DpZ2f8KXqYa2Y5SHId5VitY4-uwQfmeYmY',
    '2024-03-16 11:59:03.447639',
    '2024-03-17 11:59:03.000000',
    1,
    '65a1201857d649ea807decea3e3098b7'
  ),
  (
    299,
    'eyJhbGciOiJIUzI1NiIsInR5cCI6IkpXVCJ9.eyJ0b2tlbl90eXBlIjoicmVmcmVzaCIsImV4cCI6MTcxMDY3NjkyMiwiaWF0IjoxNzEwNTkwNTIyLCJqdGkiOiIyMGQ0OWY0MWQ2NzY0MWMzOWM3NTMzNmQwOTg4MjY1YyIsInVzZXJfaWQiOjF9.t9xWuUWFDwgrSVcR5-oGvxzVb8L48mCHDcm8EZ_BHFw',
    '2024-03-16 12:02:02.581375',
    '2024-03-17 12:02:02.000000',
    1,
    '20d49f41d67641c39c75336d0988265c'
  ),
  (
    300,
    'eyJhbGciOiJIUzI1NiIsInR5cCI6IkpXVCJ9.eyJ0b2tlbl90eXBlIjoicmVmcmVzaCIsImV4cCI6MTcxMDY3Njk4NywiaWF0IjoxNzEwNTkwNTg3LCJqdGkiOiI2NTcxNjZkMjg1YTc0YmE4YjQ3M2U2NjAyYTI3MGJlOCIsInVzZXJfaWQiOjF9.YSvNSIIURn-7d1gCRxkqnUndbjFOwigJcOjs4at-cd0',
    '2024-03-16 12:03:07.635399',
    '2024-03-17 12:03:07.000000',
    1,
    '657166d285a74ba8b473e6602a270be8'
  ),
  (
    301,
    'eyJhbGciOiJIUzI1NiIsInR5cCI6IkpXVCJ9.eyJ0b2tlbl90eXBlIjoicmVmcmVzaCIsImV4cCI6MTcxMDY3NzI5MCwiaWF0IjoxNzEwNTkwODkwLCJqdGkiOiI0Y2Q5N2ZkY2YxNjk0YTUxYjJhYTEwYTJiZTczODExMSIsInVzZXJfaWQiOjF9.de-UsCIVTdZugzaxB7T-ZZgsppJsFX2ORfFX3f3SbcU',
    '2024-03-16 12:08:10.068591',
    '2024-03-17 12:08:10.000000',
    1,
    '4cd97fdcf1694a51b2aa10a2be738111'
  ),
  (
    302,
    'eyJhbGciOiJIUzI1NiIsInR5cCI6IkpXVCJ9.eyJ0b2tlbl90eXBlIjoicmVmcmVzaCIsImV4cCI6MTcxMDY3ODE3MSwiaWF0IjoxNzEwNTkxNzcxLCJqdGkiOiIxZjk0ODZkZmVmODg0MmE0YTk4NGZiMjg2ZmVlMDVmYSIsInVzZXJfaWQiOjF9.bMNMugiJ1D9EO70ASvOE5GzTkyXsE-0y4qD843vsmLY',
    '2024-03-16 12:22:51.900898',
    '2024-03-17 12:22:51.000000',
    1,
    '1f9486dfef8842a4a984fb286fee05fa'
  ),
  (
    303,
    'eyJhbGciOiJIUzI1NiIsInR5cCI6IkpXVCJ9.eyJ0b2tlbl90eXBlIjoicmVmcmVzaCIsImV4cCI6MTcxMDY3ODg2NCwiaWF0IjoxNzEwNTkyNDY0LCJqdGkiOiIyOWY0MDEzMWMxYjY0Njg2YTQ2ZmNlOGI1ZWUxYmY4YSIsInVzZXJfaWQiOjF9.kEcWdmfiQZ0j1zRPqlFVd5mpmVbLGrCl6g28_gkZRzA',
    '2024-03-16 12:34:24.818027',
    '2024-03-17 12:34:24.000000',
    1,
    '29f40131c1b64686a46fce8b5ee1bf8a'
  ),
  (
    304,
    'eyJhbGciOiJIUzI1NiIsInR5cCI6IkpXVCJ9.eyJ0b2tlbl90eXBlIjoicmVmcmVzaCIsImV4cCI6MTcxMDY3OTAyNSwiaWF0IjoxNzEwNTkyNjI1LCJqdGkiOiIxM2YwMGJlNWY3YWY0MWY5YjIzOGRiNjljNmUwMjI3YiIsInVzZXJfaWQiOjF9.gHnjITqGlFLargvHVMBJyyQLxCiprHIYgkhxy9DlTlc',
    '2024-03-16 12:37:05.857693',
    '2024-03-17 12:37:05.000000',
    1,
    '13f00be5f7af41f9b238db69c6e0227b'
  ),
  (
    305,
    'eyJhbGciOiJIUzI1NiIsInR5cCI6IkpXVCJ9.eyJ0b2tlbl90eXBlIjoicmVmcmVzaCIsImV4cCI6MTcxMDY3OTUyOCwiaWF0IjoxNzEwNTkzMTI4LCJqdGkiOiI2Y2M4MTg2MmYwMTg0N2M0YmY4ODgxMjdiYWU1YzJhOSIsInVzZXJfaWQiOjF9.5I9r5cubC0ZSfDCKKdrepKRBuI5wsG2fis7olSrNh4s',
    '2024-03-16 12:45:28.584496',
    '2024-03-17 12:45:28.000000',
    1,
    '6cc81862f01847c4bf888127bae5c2a9'
  ),
  (
    306,
    'eyJhbGciOiJIUzI1NiIsInR5cCI6IkpXVCJ9.eyJ0b2tlbl90eXBlIjoicmVmcmVzaCIsImV4cCI6MTcxMDY3OTU1OSwiaWF0IjoxNzEwNTkzMTU5LCJqdGkiOiIzZjQzMDEyZDhlNTU0NmRiYjMzYjIwMDM5ZTIzODY3OCIsInVzZXJfaWQiOjF9.3UVtV8yZGu20Cipbh5il0MFStaaoNxHfXb8aFPgOWWs',
    '2024-03-16 12:45:59.987337',
    '2024-03-17 12:45:59.000000',
    1,
    '3f43012d8e5546dbb33b20039e238678'
  ),
  (
    307,
    'eyJhbGciOiJIUzI1NiIsInR5cCI6IkpXVCJ9.eyJ0b2tlbl90eXBlIjoicmVmcmVzaCIsImV4cCI6MTcxMDY4MDA0MywiaWF0IjoxNzEwNTkzNjQzLCJqdGkiOiJkNThkMjk1ZDUyNWI0ZWM2YjVhOGFlOTZlODk1MjZlZiIsInVzZXJfaWQiOjF9.3ek_IRdRwxCO0ZpPnNRKIfLo3mL66qaEZsOxMXzq1Gk',
    '2024-03-16 12:54:03.394002',
    '2024-03-17 12:54:03.000000',
    1,
    'd58d295d525b4ec6b5a8ae96e89526ef'
  ),
  (
    308,
    'eyJhbGciOiJIUzI1NiIsInR5cCI6IkpXVCJ9.eyJ0b2tlbl90eXBlIjoicmVmcmVzaCIsImV4cCI6MTcxMDY4MDMyOSwiaWF0IjoxNzEwNTkzOTI5LCJqdGkiOiJiMmI3MTY0OTcwZGI0MTQ3YmM4MGM4NDg3Y2E0NGVjZiIsInVzZXJfaWQiOjF9.AR0WptBPqy4rkkGCfrZPpuNR6a-B6qLW8_YrY7oTWMw',
    '2024-03-16 12:58:49.415700',
    '2024-03-17 12:58:49.000000',
    1,
    'b2b7164970db4147bc80c8487ca44ecf'
  ),
  (
    309,
    'eyJhbGciOiJIUzI1NiIsInR5cCI6IkpXVCJ9.eyJ0b2tlbl90eXBlIjoicmVmcmVzaCIsImV4cCI6MTcxMDY4MDM3NCwiaWF0IjoxNzEwNTkzOTc0LCJqdGkiOiJlMjZlY2JlYTM5Nzc0YjIzYWM5MzFhNGRjYzMxMjYwYSIsInVzZXJfaWQiOjF9.5KKxrrHavXoz5sxshf48JjqzaEe4-HgXNNa46uXgMWY',
    '2024-03-16 12:59:34.584710',
    '2024-03-17 12:59:34.000000',
    1,
    'e26ecbea39774b23ac931a4dcc31260a'
  ),
  (
    310,
    'eyJhbGciOiJIUzI1NiIsInR5cCI6IkpXVCJ9.eyJ0b2tlbl90eXBlIjoicmVmcmVzaCIsImV4cCI6MTcxMDY4MTA4MywiaWF0IjoxNzEwNTk0NjgzLCJqdGkiOiIxYzMyOTdiY2NhNzM0ZmY2ODhhMDgxOWY1MWRhNjAwMyIsInVzZXJfaWQiOjF9.QrRzb7wiqrR3i7jKe4QadBqaIHZOGmRlNl1ZmBCQMQw',
    '2024-03-16 13:11:23.226484',
    '2024-03-17 13:11:23.000000',
    1,
    '1c3297bcca734ff688a0819f51da6003'
  ),
  (
    311,
    'eyJhbGciOiJIUzI1NiIsInR5cCI6IkpXVCJ9.eyJ0b2tlbl90eXBlIjoicmVmcmVzaCIsImV4cCI6MTcxMDY4MTc5NiwiaWF0IjoxNzEwNTk1Mzk2LCJqdGkiOiJmZmZiNDJlMDA5MDA0YWMxYjVkODViOWU5NDI2M2YyMyIsInVzZXJfaWQiOjF9.huVkdbq7tHn42g-YSZ1Cl39DPL8AC7EZd8ZeNZWgt8s',
    '2024-03-16 13:23:16.936025',
    '2024-03-17 13:23:16.000000',
    1,
    'fffb42e009004ac1b5d85b9e94263f23'
  ),
  (
    312,
    'eyJhbGciOiJIUzI1NiIsInR5cCI6IkpXVCJ9.eyJ0b2tlbl90eXBlIjoicmVmcmVzaCIsImV4cCI6MTcxMDY4MTg0NiwiaWF0IjoxNzEwNTk1NDQ2LCJqdGkiOiJmZmEwM2M1OTUxMDQ0NDY1YWY5MDRlZTc1ZGUxZTBjNSIsInVzZXJfaWQiOjF9.fkFRgzcDW7BL_hqRMHlhPLjcFNPSNFkmPM8t68FtlR4',
    '2024-03-16 13:24:06.463129',
    '2024-03-17 13:24:06.000000',
    1,
    'ffa03c5951044465af904ee75de1e0c5'
  ),
  (
    313,
    'eyJhbGciOiJIUzI1NiIsInR5cCI6IkpXVCJ9.eyJ0b2tlbl90eXBlIjoicmVmcmVzaCIsImV4cCI6MTcxMDY4MTk4NiwiaWF0IjoxNzEwNTk1NTg2LCJqdGkiOiI0M2RmMzg4NzIxOTA0YTExOTZiMTA1ODlkNjc4NTU2OSIsInVzZXJfaWQiOjF9.kUnutm2d_qTbfCagkNTQrh6MxYdoyXSOD6Rc93V_Uq4',
    '2024-03-16 13:26:26.621591',
    '2024-03-17 13:26:26.000000',
    1,
    '43df388721904a1196b10589d6785569'
  ),
  (
    314,
    'eyJhbGciOiJIUzI1NiIsInR5cCI6IkpXVCJ9.eyJ0b2tlbl90eXBlIjoicmVmcmVzaCIsImV4cCI6MTcxMDY4MjY1OSwiaWF0IjoxNzEwNTk2MjU5LCJqdGkiOiJlN2Y0ZTMyZjA5ZWI0MWFlYmZkNWE2MjE3Yjg3MzU0MCIsInVzZXJfaWQiOjF9.wHNwkeQuzYyqS2Wu_zPWUBezOKY-Zoc5Iel9yZzmCeg',
    '2024-03-16 13:37:39.543198',
    '2024-03-17 13:37:39.000000',
    1,
    'e7f4e32f09eb41aebfd5a6217b873540'
  ),
  (
    315,
    'eyJhbGciOiJIUzI1NiIsInR5cCI6IkpXVCJ9.eyJ0b2tlbl90eXBlIjoicmVmcmVzaCIsImV4cCI6MTcxMDY4Mjg2NiwiaWF0IjoxNzEwNTk2NDY2LCJqdGkiOiIzNDUwOTAyNzM4NjY0OGY5YWE5ZWZhYmI1MWQ4YjQ1YiIsInVzZXJfaWQiOjF9.XmHQWJckpSeBGwcrblrenM9DlNqqwXV92L0i5kFce9U',
    '2024-03-16 13:41:06.414540',
    '2024-03-17 13:41:06.000000',
    1,
    '34509027386648f9aa9efabb51d8b45b'
  ),
  (
    316,
    'eyJhbGciOiJIUzI1NiIsInR5cCI6IkpXVCJ9.eyJ0b2tlbl90eXBlIjoicmVmcmVzaCIsImV4cCI6MTcxMDY4MjkzNSwiaWF0IjoxNzEwNTk2NTM1LCJqdGkiOiJjODM5NDI4MTc0MzQ0MzkxYjdlZWYzYTg2MjBjZTY1ZSIsInVzZXJfaWQiOjF9.-6bFoh_PtFYZTWUcVYdLD653vJhWH-4Zg3E41R2Tlk4',
    '2024-03-16 13:42:15.764476',
    '2024-03-17 13:42:15.000000',
    1,
    'c839428174344391b7eef3a8620ce65e'
  ),
  (
    317,
    'eyJhbGciOiJIUzI1NiIsInR5cCI6IkpXVCJ9.eyJ0b2tlbl90eXBlIjoicmVmcmVzaCIsImV4cCI6MTcxMDY4MzEyOCwiaWF0IjoxNzEwNTk2NzI4LCJqdGkiOiI3OTQ5NzJiNzI3MGE0ZmJjYThkOWU5ZTFjMzYyNzRlNSIsInVzZXJfaWQiOjF9.zxX2vp0h9q9KApSXYxMc3pT3vXGYMRkwawSXgQujzj0',
    '2024-03-16 13:45:28.682213',
    '2024-03-17 13:45:28.000000',
    1,
    '794972b7270a4fbca8d9e9e1c36274e5'
  ),
  (
    318,
    'eyJhbGciOiJIUzI1NiIsInR5cCI6IkpXVCJ9.eyJ0b2tlbl90eXBlIjoicmVmcmVzaCIsImV4cCI6MTcxMDY4MzIzOSwiaWF0IjoxNzEwNTk2ODM5LCJqdGkiOiJjNjdiY2EwYTA2NTM0M2EwOTBkNGMwZGExNzY4ODAyZCIsInVzZXJfaWQiOjF9.h_wQKeUgqgwjWEbyA9kGApnePCC5G5LZc9d3ahgRyoI',
    '2024-03-16 13:47:19.483361',
    '2024-03-17 13:47:19.000000',
    1,
    'c67bca0a065343a090d4c0da1768802d'
  ),
  (
    319,
    'eyJhbGciOiJIUzI1NiIsInR5cCI6IkpXVCJ9.eyJ0b2tlbl90eXBlIjoicmVmcmVzaCIsImV4cCI6MTcxMDY4MzY5MiwiaWF0IjoxNzEwNTk3MjkyLCJqdGkiOiIyYTJiZWM0Y2NmMTg0ZTQ5YTNiODVkMmI5OTMxNWE5ZiIsInVzZXJfaWQiOjF9.86TY1pXmzBADsnisVVU5ah4JM3d1bV4jGQnCMRo-Sr0',
    '2024-03-16 13:54:52.171544',
    '2024-03-17 13:54:52.000000',
    1,
    '2a2bec4ccf184e49a3b85d2b99315a9f'
  ),
  (
    320,
    'eyJhbGciOiJIUzI1NiIsInR5cCI6IkpXVCJ9.eyJ0b2tlbl90eXBlIjoicmVmcmVzaCIsImV4cCI6MTcxMDY4MzgxNiwiaWF0IjoxNzEwNTk3NDE2LCJqdGkiOiIzNjQ4ZmE2ZGYwNzY0Zjk0YTRhZTA5MzhlZWUxODlhNCIsInVzZXJfaWQiOjF9.R-1EfMpyD4OiiQSjMXhO9CSiD4QY9Qi-ssjMWFT8bYk',
    '2024-03-16 13:56:56.079974',
    '2024-03-17 13:56:56.000000',
    1,
    '3648fa6df0764f94a4ae0938eee189a4'
  ),
  (
    321,
    'eyJhbGciOiJIUzI1NiIsInR5cCI6IkpXVCJ9.eyJ0b2tlbl90eXBlIjoicmVmcmVzaCIsImV4cCI6MTcxMDY4NjAwMCwiaWF0IjoxNzEwNTk5NjAwLCJqdGkiOiI1NjZjZDMzMWMxMjk0NzM4OWY0YWZhMmU5OTEzY2JkMSIsInVzZXJfaWQiOjF9.SWMyWeGRmyRzwl-D25AIfB1c7ietklns-DMl2YU3Xjk',
    '2024-03-16 14:33:20.657843',
    '2024-03-17 14:33:20.000000',
    1,
    '566cd331c12947389f4afa2e9913cbd1'
  ),
  (
    322,
    'eyJhbGciOiJIUzI1NiIsInR5cCI6IkpXVCJ9.eyJ0b2tlbl90eXBlIjoicmVmcmVzaCIsImV4cCI6MTcxMDY4NjEzMSwiaWF0IjoxNzEwNTk5NzMxLCJqdGkiOiIyNWNhMTljNDhkM2I0OTljOWFjYzQ1Zjg1ZDI1NDFmYSIsInVzZXJfaWQiOjF9.fKdYRN07SFdO4lJmBuQcrxphqLa0vp9cgglWKFakYvk',
    '2024-03-16 14:35:31.072274',
    '2024-03-17 14:35:31.000000',
    1,
    '25ca19c48d3b499c9acc45f85d2541fa'
  ),
  (
    323,
    'eyJhbGciOiJIUzI1NiIsInR5cCI6IkpXVCJ9.eyJ0b2tlbl90eXBlIjoicmVmcmVzaCIsImV4cCI6MTcxMDY4NjQwNCwiaWF0IjoxNzEwNjAwMDA0LCJqdGkiOiIyNjJhNjA5ZWVjZjA0MDMxOTRjZWVjZWNhZmY5YThmZiIsInVzZXJfaWQiOjF9.9j3zU7hZI78fU-D4HriKMF1-iK20OLqieoW_11DvvGE',
    '2024-03-16 14:40:04.457156',
    '2024-03-17 14:40:04.000000',
    1,
    '262a609eecf0403194ceececaff9a8ff'
  ),
  (
    324,
    'eyJhbGciOiJIUzI1NiIsInR5cCI6IkpXVCJ9.eyJ0b2tlbl90eXBlIjoicmVmcmVzaCIsImV4cCI6MTcxMDY4NjQ5NiwiaWF0IjoxNzEwNjAwMDk2LCJqdGkiOiIxZjNmZTNiN2I5NzA0MGJiYWJlMWE4N2RjMGE3ZDU4OCIsInVzZXJfaWQiOjF9.l12nu4Nezk6mrbbS6ilNV9razGlJLg3Ir6KZXIuduzs',
    '2024-03-16 14:41:36.089191',
    '2024-03-17 14:41:36.000000',
    1,
    '1f3fe3b7b97040bbabe1a87dc0a7d588'
  ),
  (
    325,
    'eyJhbGciOiJIUzI1NiIsInR5cCI6IkpXVCJ9.eyJ0b2tlbl90eXBlIjoicmVmcmVzaCIsImV4cCI6MTcxMDY4Njc4MSwiaWF0IjoxNzEwNjAwMzgxLCJqdGkiOiJiOTdlYWM0MWE0OGY0NDUwYjNmYzA0Mzg3OWJkMGUyNCIsInVzZXJfaWQiOjF9.4XYFds7-15sAaxDQKmecP-1dHgkT9ydCOS5RpgDKzfQ',
    '2024-03-16 14:46:21.284919',
    '2024-03-17 14:46:21.000000',
    1,
    'b97eac41a48f4450b3fc043879bd0e24'
  ),
  (
    326,
    'eyJhbGciOiJIUzI1NiIsInR5cCI6IkpXVCJ9.eyJ0b2tlbl90eXBlIjoicmVmcmVzaCIsImV4cCI6MTcxMDY4NzcwNCwiaWF0IjoxNzEwNjAxMzA0LCJqdGkiOiJkNTAyMTFmODBlNGI0Yzk4Yjc3NGM0M2UwOWFkMmI5YyIsInVzZXJfaWQiOjF9.jCqil8YxhUQGa4oWeZCQzZHgMzko5EK2gTHcdhjKnsE',
    '2024-03-16 15:01:44.568401',
    '2024-03-17 15:01:44.000000',
    1,
    'd50211f80e4b4c98b774c43e09ad2b9c'
  ),
  (
    327,
    'eyJhbGciOiJIUzI1NiIsInR5cCI6IkpXVCJ9.eyJ0b2tlbl90eXBlIjoicmVmcmVzaCIsImV4cCI6MTcxMDY4Nzc1MiwiaWF0IjoxNzEwNjAxMzUyLCJqdGkiOiJmYjAyZWFmNzYzODY0ZmZjYmQxZTlmYjI0YzljZTZhMCIsInVzZXJfaWQiOjF9.F7fmYCXzE50BCxk3woBoVtjM5SLhybCh1yM1MhWTHtc',
    '2024-03-16 15:02:32.241708',
    '2024-03-17 15:02:32.000000',
    1,
    'fb02eaf763864ffcbd1e9fb24c9ce6a0'
  ),
  (
    328,
    'eyJhbGciOiJIUzI1NiIsInR5cCI6IkpXVCJ9.eyJ0b2tlbl90eXBlIjoicmVmcmVzaCIsImV4cCI6MTcxMDY4NzgzNiwiaWF0IjoxNzEwNjAxNDM2LCJqdGkiOiI3NTMwNTU5NjUwNDA0ODdkYjgxNmNhMmQyOTA4NTNmMiIsInVzZXJfaWQiOjF9.lFkkS5pm7mVUlCSRJ1UvNuA3ENEZTlbxbQ82DDEOjkY',
    '2024-03-16 15:03:56.575971',
    '2024-03-17 15:03:56.000000',
    1,
    '753055965040487db816ca2d290853f2'
  ),
  (
    329,
    'eyJhbGciOiJIUzI1NiIsInR5cCI6IkpXVCJ9.eyJ0b2tlbl90eXBlIjoicmVmcmVzaCIsImV4cCI6MTcxMDY4ODMxNCwiaWF0IjoxNzEwNjAxOTE0LCJqdGkiOiJiNjQ4YWNkOGFhMTA0MTkzYTMzMjBkZTM4NzMxYzNmYSIsInVzZXJfaWQiOjF9.MOTyk0NT0lwnjXdCSEjx9awnxmC2-1rLz79snexuiok',
    '2024-03-16 15:11:54.269733',
    '2024-03-17 15:11:54.000000',
    1,
    'b648acd8aa104193a3320de38731c3fa'
  ),
  (
    330,
    'eyJhbGciOiJIUzI1NiIsInR5cCI6IkpXVCJ9.eyJ0b2tlbl90eXBlIjoicmVmcmVzaCIsImV4cCI6MTcxMDY4ODU1MSwiaWF0IjoxNzEwNjAyMTUxLCJqdGkiOiI3YzQ5NDgxNTZmZDc0NWI4OTQ4MTYxMDQ1MTU1OWJlNyIsInVzZXJfaWQiOjF9.1GxB131iR1BtrdKb5AMhV6CbFRVhH0H16ZzH401s30w',
    '2024-03-16 15:15:51.414027',
    '2024-03-17 15:15:51.000000',
    1,
    '7c4948156fd745b89481610451559be7'
  ),
  (
    331,
    'eyJhbGciOiJIUzI1NiIsInR5cCI6IkpXVCJ9.eyJ0b2tlbl90eXBlIjoicmVmcmVzaCIsImV4cCI6MTcxMDcwODk4NSwiaWF0IjoxNzEwNjIyNTg1LCJqdGkiOiIxYWQ0YjFjZjBlZGY0ZThlOGQxNDg4Yzc1NzY4ZmIxOSIsInVzZXJfaWQiOjF9.nKvjAvQrOgVbePQsNLiOSYHEUvM1LcDAKG4WMHgCItY',
    '2024-03-16 20:56:25.107695',
    '2024-03-17 20:56:25.000000',
    1,
    '1ad4b1cf0edf4e8e8d1488c75768fb19'
  ),
  (
    332,
    'eyJhbGciOiJIUzI1NiIsInR5cCI6IkpXVCJ9.eyJ0b2tlbl90eXBlIjoicmVmcmVzaCIsImV4cCI6MTcxMDcwOTk1NiwiaWF0IjoxNzEwNjIzNTU2LCJqdGkiOiI2ZGRlZDE0OTVlNTE0OTFmOTk5MDFmZWU0YTRlMzEyZSIsInVzZXJfaWQiOjF9.qqjKDe2OcL-6czjyOu-NsDBg8M3QvQ9wKbOk1rxLUL8',
    '2024-03-16 21:12:36.336100',
    '2024-03-17 21:12:36.000000',
    1,
    '6dded1495e51491f99901fee4a4e312e'
  ),
  (
    333,
    'eyJhbGciOiJIUzI1NiIsInR5cCI6IkpXVCJ9.eyJ0b2tlbl90eXBlIjoicmVmcmVzaCIsImV4cCI6MTcxMDc3ODAyMywiaWF0IjoxNzEwNjkxNjIzLCJqdGkiOiJkYmUxYjQ4NDMwOTc0MzFiYjgyMzdhMzkzNGEzYzdmMCIsInVzZXJfaWQiOjF9.c_ZyZkgxLzJj4p9XXVszKXMYA_c9inAGq7YZ-YrCsqA',
    '2024-03-17 16:07:03.861570',
    '2024-03-18 16:07:03.000000',
    1,
    'dbe1b4843097431bb8237a3934a3c7f0'
  ),
  (
    334,
    'eyJhbGciOiJIUzI1NiIsInR5cCI6IkpXVCJ9.eyJ0b2tlbl90eXBlIjoicmVmcmVzaCIsImV4cCI6MTcxMDc3ODAzOSwiaWF0IjoxNzEwNjkxNjM5LCJqdGkiOiI4ZjU2MjFiYTJmM2E0NjJmYjkxODgzNjQzZTUwMmU5OSIsInVzZXJfaWQiOjQzfQ.0VIx4ocvjeLqsc6zJXfvtnKlrdnV7eFtGiquI9Ptb10',
    '2024-03-17 16:07:19.149477',
    '2024-03-18 16:07:19.000000',
    NULL,
    '8f5621ba2f3a462fb91883643e502e99'
  ),
  (
    335,
    'eyJhbGciOiJIUzI1NiIsInR5cCI6IkpXVCJ9.eyJ0b2tlbl90eXBlIjoicmVmcmVzaCIsImV4cCI6MTcxMDc3ODY2MSwiaWF0IjoxNzEwNjkyMjYxLCJqdGkiOiJjYTlkMzAwNWY1MjA0M2UzOTQ1ZDA2OWRkOWYxYmYyZCIsInVzZXJfaWQiOjQ5fQ.8ePVjSuaZ9zsKo4UtQi5nvVm1nIgWMSRzFGY7JZh5W0',
    '2024-03-17 16:17:41.886440',
    '2024-03-18 16:17:41.000000',
    NULL,
    'ca9d3005f52043e3945d069dd9f1bf2d'
  ),
  (
    336,
    'eyJhbGciOiJIUzI1NiIsInR5cCI6IkpXVCJ9.eyJ0b2tlbl90eXBlIjoicmVmcmVzaCIsImV4cCI6MTcxMDc3ODc5NiwiaWF0IjoxNzEwNjkyMzk2LCJqdGkiOiJkZTIxMGE3MzQ5ZTc0NjIyYWE0NWM5OTJmODFlYjg5MCIsInVzZXJfaWQiOjQ5fQ._4hCQtYD-Ek8-esOLScQfhmulN99Os0d5I3N_LnqIpY',
    '2024-03-17 16:19:56.168798',
    '2024-03-18 16:19:56.000000',
    NULL,
    'de210a7349e74622aa45c992f81eb890'
  ),
  (
    337,
    'eyJhbGciOiJIUzI1NiIsInR5cCI6IkpXVCJ9.eyJ0b2tlbl90eXBlIjoicmVmcmVzaCIsImV4cCI6MTcxMDc3OTQ2OCwiaWF0IjoxNzEwNjkzMDY4LCJqdGkiOiI4YjBiZmJlN2Q0MTY0NmIwOGY5ZmQ4NzkxZDA5OTAwNiIsInVzZXJfaWQiOjF9.qYLZPJPCvnEu61k1T4GKT2UHfiskakXcybCThy926tc',
    '2024-03-17 16:31:08.423613',
    '2024-03-18 16:31:08.000000',
    1,
    '8b0bfbe7d41646b08f9fd8791d099006'
  ),
  (
    338,
    'eyJhbGciOiJIUzI1NiIsInR5cCI6IkpXVCJ9.eyJ0b2tlbl90eXBlIjoicmVmcmVzaCIsImV4cCI6MTcxMDc4OTgxMiwiaWF0IjoxNzEwNzAzNDEyLCJqdGkiOiI2OWM3ZDliNDI4ZDg0MjIwOGZmNmZjZTVkOTYzMzBiYSIsInVzZXJfaWQiOjF9.kgAw2gZ3Dcwskd8HgGCAyGVPxojGRoJC_0N3gYTNqPw',
    '2024-03-17 19:23:32.142167',
    '2024-03-18 19:23:32.000000',
    1,
    '69c7d9b428d842208ff6fce5d96330ba'
  ),
  (
    339,
    'eyJhbGciOiJIUzI1NiIsInR5cCI6IkpXVCJ9.eyJ0b2tlbl90eXBlIjoicmVmcmVzaCIsImV4cCI6MTcxMDc5MDgwNywiaWF0IjoxNzEwNzA0NDA3LCJqdGkiOiI4ODIyMWM2ZDU2YzE0Y2RhOTVmNDk4ZWE4YzhlZTE5MyIsInVzZXJfaWQiOjUwfQ.ONPWNDbzymqp4yld9RSDKQR4CwMU_aoGzUJnQfLdito',
    '2024-03-17 19:40:07.717160',
    '2024-03-18 19:40:07.000000',
    NULL,
    '88221c6d56c14cda95f498ea8c8ee193'
  ),
  (
    340,
    'eyJhbGciOiJIUzI1NiIsInR5cCI6IkpXVCJ9.eyJ0b2tlbl90eXBlIjoicmVmcmVzaCIsImV4cCI6MTcxMDc5MjMzNSwiaWF0IjoxNzEwNzA1OTM1LCJqdGkiOiJiOThiYmJiZmI1MWQ0MmFiOTUzNGU2MDA2YmJkOWM1NCIsInVzZXJfaWQiOjUwfQ.wuGaiJJxCB-gfmO53ObC_xyKk1JnAOchlptnBMMAjXc',
    '2024-03-17 20:05:35.455331',
    '2024-03-18 20:05:35.000000',
    NULL,
    'b98bbbbfb51d42ab9534e6006bbd9c54'
  ),
  (
    341,
    'eyJhbGciOiJIUzI1NiIsInR5cCI6IkpXVCJ9.eyJ0b2tlbl90eXBlIjoicmVmcmVzaCIsImV4cCI6MTcxMDc5NTQ4NSwiaWF0IjoxNzEwNzA5MDg1LCJqdGkiOiIwZGQ2NGFhNzIwNTE0OWRhODQ2YmE5ZGNlNWE2MWJmMiIsInVzZXJfaWQiOjUwfQ._Pqg7AYeTSt6TQUQkhk_Z_Vu5SqrxNiHdwiP74ROojA',
    '2024-03-17 20:58:05.332240',
    '2024-03-18 20:58:05.000000',
    NULL,
    '0dd64aa7205149da846ba9dce5a61bf2'
  ),
  (
    342,
    'eyJhbGciOiJIUzI1NiIsInR5cCI6IkpXVCJ9.eyJ0b2tlbl90eXBlIjoicmVmcmVzaCIsImV4cCI6MTcxMDg2MjMzNiwiaWF0IjoxNzEwNzc1OTM2LCJqdGkiOiJiOWVmZDk0NzY4ZWI0MDc5YjI0NTMyMGFkNzkzOWQwNSIsInVzZXJfaWQiOjF9.S_0EG_RKl1NDk2j_PSrf-KMZu90cLZ0yh6oZVCHo01c',
    '2024-03-18 15:32:16.194299',
    '2024-03-19 15:32:16.000000',
    1,
    'b9efd94768eb4079b245320ad7939d05'
  );

/*!40000 ALTER TABLE `token_blacklist_outstandingtoken` ENABLE KEYS */;

UNLOCK TABLES;

/*!40103 SET TIME_ZONE=@OLD_TIME_ZONE */;

/*!40101 SET SQL_MODE=@OLD_SQL_MODE */;

/*!40014 SET FOREIGN_KEY_CHECKS=@OLD_FOREIGN_KEY_CHECKS */;

/*!40014 SET UNIQUE_CHECKS=@OLD_UNIQUE_CHECKS */;

/*!40101 SET CHARACTER_SET_CLIENT=@OLD_CHARACTER_SET_CLIENT */;

/*!40101 SET CHARACTER_SET_RESULTS=@OLD_CHARACTER_SET_RESULTS */;

/*!40101 SET COLLATION_CONNECTION=@OLD_COLLATION_CONNECTION */;

/*!40111 SET SQL_NOTES=@OLD_SQL_NOTES */;

-- Dump completed on 2024-03-18 19:15:28